[{"model": "users.rol", "pk": 1, "fields": {"nombre": "Administrador", "descripcion": "Acceso total al sistema"}}, {"model": "users.rol", "pk": 2, "fields": {"nombre": "Carga", "descripcion": "Puede crear y editar proyectos y tareas"}}, {"model": "users.rol", "pk": 3, "fields": {"nombre": "Visualización", "descripcion": "Solo lectura"}}, {"model": "users.usuario", "pk": 1, "fields": {"nombre": "Admin", "apellido": "Sistema", "email": "admin@admin.com", "password": "pbkdf2_sha256$600000$TfYOMWEmCY1f0SVQKtsVqD$MwpMUwgCEgiz2aftiOplx73/XxdLvEXKGraAcFaMuf0=", "rol": 1, "area": null, "secretaria": null, "token_version": 1, "estado": true, "fecha_creacion": "2026-02-26T17:01:36.925"}}, {"model": "users.usuario", "pk": 2, "fields": {"nombre": "Usuario", "apellido": "Visualizador", "email": "visualizador@test.com", "password": "pbkdf2_sha256$600000$DLJb1IBNj4tXBkCra8puHF$YHar6qf9fW/kvmfaUs7kq2BCd25LkdnIw4ASRRSA8kg=", "rol": 3, "area": 1, "secretaria": null, "token_version": 1, "estado": true, "fecha_creacion": "2026-02-26T17:01:37.041"}}, {"model": "users.usuario", "pk": 3, "fields": {"nombre": "Usuario", "apellido": "Carga", "email": "carga@test.com", "password": "carga123", "rol": 2, "area": 2, "secretaria": null, "token_version": 1, "estado": true, "fecha_creacion": "2026-02-26T17:01:37.059"}}, {"model": "users.usuario", "pk": 4, "fields": {"nombre": "Juancito", "apellido": "Perez", "email": "juancito@test.com", "password": "pbkdf2_sha256$600000$ThTwLvNzhyP0ktjqqULWbz$U/jY3F6MNZLO53uOICcc1KgPtwyG7MlxeBymsa5Ur4E=", "rol": 2, "area": null, "secretaria": 7, "token_version": 1, "estado": true, "fecha_creacion": "2026-02-26T17:05:44.273"}}, {"model": "users.usuario", "pk": 5, "fields": {"nombre": "Pepe", "apellido": "García", "email": "pepe@test.com", "password": "carga123", "rol": 2, "area": 2, "secretaria": null, "token_version": 1, "estado": false, "fecha_creacion": "2026-02-26T17:05:44.284"}}, {"model": "users.usuario", "pk": 6, "fields": {"nombre": "horacio david", "apellido": "bogarin", "email": "bogarin1983@gmail.com", "password": "pbkdf2_sha256$600000$PkqwNjorS3rSb9NHitcSlY$tmE/9oic5i5fllJHRDjBXqHMk0I3S1UE9n0D8U908Uc=", "rol": 1, "area": null, "secretaria": null, "token_version": 2, "estado": true, "fecha_creacion": "2026-02-26T20:06:38.971"}}, {"model": "users.usuario", "pk": 7, "fields": {"nombre": "matias", "apellido": "araujo", "email": "mati@gmail.com", "password": "pbkdf2_sha256$600000$dxqdRhhasWQzijuxEOAeDB$ku9EoCWT2I/7zxTYycfgfQyE/XLzBKLf2wRcgD38CAo=", "rol": 2, "area": null, "secretaria": 4, "token_version": 1, "estado": false, "fecha_creacion": "2026-02-27T13:13:04.832"}}, {"model": "users.usuario", "pk": 8, "fields": {"nombre": "maximiliano", "apellido": "Torres", "email": "maxitorres@gmail.com", "password": "Tdf3015**|", "rol": 1, "area": null, "secretaria": null, "token_version": 1, "estado": false, "fecha_creacion": "2026-03-02T16:56:31.154"}}, {"model": "users.usuario", "pk": 9, "fields": {"nombre": "Abel Omar", "apellido": "Cortez", "email": "aocortez@aif.gob.ar", "password": "pbkdf2_sha256$600000$vro6p16rhCOjMdppY6j7LP$YKa+fYd0muG2SKLkGlN78bZceKYzUW3PBuCvLZ5DAQw=", "rol": 2, "area": null, "secretaria": 7, "token_version": 2, "estado": true, "fecha_creacion": "2026-03-02T18:22:08.023"}}, {"model": "users.usuario", "pk": 13, "fields": {"nombre": "matias", "apellido": "araujo", "email": "matias@gmail.com", "password": "pbkdf2_sha256$600000$mlic0hQ6fHIbktOThJ5AOW$rC86qZ1430iNSh09OEeL0YkRI/39KgGYwyeF5DvpvR4=", "rol": 1, "area": null, "secretaria": null, "token_version": 1, "estado": true, "fecha_creacion": "2026-03-06T13:18:31.545"}}, {"model": "users.usuario", "pk": 14, "fields": {"nombre": "Administrador", "apellido": "SIPRA", "email": "admin@sipra.local", "password": "pbkdf2_sha256$600000$BWZHCTaJ0AsYYF5l1vwzyd$Ku0dbz/Nmwnf6vLAf+IEweoxMvA4kzv+umYimhx2Xs4=", "rol": 1, "area": null, "secretaria": null, "token_version": 1, "estado": true, "fecha_creacion": "2026-03-09T13:54:23.161"}}, {"model": "users.usuario", "pk": 15, "fields": {"nombre": "Consulta", "apellido": "General", "email": "visualizacion@sipra.local", "password": "pbkdf2_sha256$600000$VjkZ0do522tq1t6Occvdjq$G29tILSZfKCElWaFoYtYUHcfbyb1Fw+tPhl11i5nBV8=", "rol": 3, "area": 1, "secretaria": null, "token_version": 2, "estado": true, "fecha_creacion": "2026-03-09T16:54:23.854"}}, {"model": "users.usuario", "pk": 16, "fields": {"nombre": "Gestion", "apellido": "Proyectos", "email": "gestion.proyectos@sipra.local", "password": "pbkdf2_sha256$600000$KqFkuDCnHnsRxjLw0ELqjk$irmLldCLhJIO1QBpPH+RiiR+6epZDmfepERKv/VFUao=", "rol": 2, "area": 2, "secretaria": null, "token_version": 1, "estado": true, "fecha_creacion": "2026-03-09T13:54:24.503"}}, {"model": "areas.area", "pk": 1, "fields": {"nombre": "Presidencia", "descripcion": "", "estado": true, "usuario_responsable_area": null}}, {"model": "areas.area", "pk": 2, "fields": {"nombre": "Desarrollo", "descripcion": "", "estado": true, "usuario_responsable_area": null}}, {"model": "areas.area", "pk": 3, "fields": {"nombre": "Infraestructura", "descripcion": "", "estado": true, "usuario_responsable_area": null}}, {"model": "areas.area", "pk": 4, "fields": {"nombre": "Comunicación", "descripcion": "", "estado": true, "usuario_responsable_area": null}}, {"model": "areas.area", "pk": 5, "fields": {"nombre": "Recursos Humanos", "descripcion": "", "estado": true, "usuario_responsable_area": null}}, {"model": "secretarias.secretaria", "pk": 1, "fields": {"codigo": "EC", "nombre": "Economía del Conocimiento", "descripcion": "Secretaría orientada al desarrollo del sector tecnológico y economía basada en conocimiento", "activa": true, "fecha_creacion": "2026-02-28T20:05:44.179", "fecha_modificacion": "2026-03-11T14:14:02.081", "usuario_creacion": "", "usuario_modificacion": ""}}, {"model": "secretarias.secretaria", "pk": 2, "fields": {"codigo": "CYT", "nombre": "Ciencia y Tecnología", "descripcion": "Secretaría orientada a la investigación científica y desarrollo tecnológico", "activa": true, "fecha_creacion": "2026-03-01T02:05:44.189", "fecha_modificacion": "2026-03-11T14:14:02.103", "usuario_creacion": "", "usuario_modificacion": ""}}, {"model": "secretarias.secretaria", "pk": 3, "fields": {"codigo": "TEC", "nombre": "Tecnología", "descripcion": "Secretaría de innovación y transformación digital", "activa": true, "fecha_creacion": "2026-02-28T23:05:44.203", "fecha_modificacion": "2026-03-11T14:14:02.105", "usuario_creacion": "", "usuario_modificacion": ""}}, {"model": "secretarias.secretaria", "pk": 4, "fields": {"codigo": "CUL", "nombre": "Cultura", "descripcion": "Secretaría de promoción cultural y desarrollo creativo", "activa": true, "fecha_creacion": "2026-02-28T23:05:44.214", "fecha_modificacion": "2026-03-11T14:14:02.111", "usuario_creacion": "", "usuario_modificacion": ""}}, {"model": "secretarias.secretaria", "pk": 5, "fields": {"codigo": "GOB", "nombre": "Gobierno Abierto", "descripcion": "Secretaría de modernización y transparencia", "activa": true, "fecha_creacion": "2026-02-28T23:05:44.227", "fecha_modificacion": "2026-03-11T14:14:02.113", "usuario_creacion": "", "usuario_modificacion": ""}}, {"model": "secretarias.secretaria", "pk": 6, "fields": {"codigo": "ADM", "nombre": "Administración y Gestión", "descripcion": "Secretaría de gestión institucional", "activa": true, "fecha_creacion": "2026-02-28T23:05:44.241", "fecha_modificacion": "2026-03-11T14:14:02.115", "usuario_creacion": "", "usuario_modificacion": ""}}, {"model": "secretarias.secretaria", "pk": 7, "fields": {"codigo": "Econ-CyT", "nombre": "Economia del Conocimiento - Ciencia y Tecnologia", "descripcion": "Secretaria de Economía del Conocimiento  y Secretaria de Ciencia y Tecnología.", "activa": true, "fecha_creacion": "2026-03-02T15:16:31.592", "fecha_modificacion": "2026-03-02T15:17:44.273", "usuario_creacion": "", "usuario_modificacion": ""}}, {"model": "secretarias.secretaria", "pk": 9, "fields": {"codigo": "SIA", "nombre": "SECRETARÍA DE INNOVACIÓN ADMINISTRATIVA", "descripcion": "SECRETARÍA DE INNOVACIÓN ADMINISTRATIVA", "activa": true, "fecha_creacion": "2026-03-09T13:26:36.886", "fecha_modificacion": "2026-03-09T13:26:36.886", "usuario_creacion": "", "usuario_modificacion": ""}}, {"model": "secretarias.secretaria", "pk": 10, "fields": {"codigo": "SSIA", "nombre": "SUBSECRETARIA DE INNOVACIÓN ADMINISTRATIVA", "descripcion": "SUBSECRETARIA DE INNOVACIÓN ADMINISTRATIVA", "activa": true, "fecha_creacion": "2026-03-09T13:27:15.764", "fecha_modificacion": "2026-03-09T13:27:15.764", "usuario_creacion": "", "usuario_modificacion": ""}}, {"model": "secretarias.secretaria", "pk": 11, "fields": {"codigo": "SPYFT", "nombre": "SECRETARÍA DE GESTIÓN, POLOS Y FÁBRICAS DE TALENTO", "descripcion": "SECRETARÍA DE GESTIÓN, POLOS Y FÁBRICAS DE TALENTO", "activa": true, "fecha_creacion": "2026-03-09T13:28:33.312", "fecha_modificacion": "2026-03-09T13:28:33.313", "usuario_creacion": "", "usuario_modificacion": ""}}, {"model": "secretarias.secretaria", "pk": 12, "fields": {"codigo": "SSGI", "nombre": "SUBSECRETARÍA DE GESTIÓN INSTITUCIONAL", "descripcion": "SUBSECRETARÍA DE GESTIÓN INSTITUCIONAL", "activa": true, "fecha_creacion": "2026-03-09T13:29:13.747", "fecha_modificacion": "2026-03-09T13:29:13.747", "usuario_creacion": "", "usuario_modificacion": ""}}, {"model": "secretarias.secretaria", "pk": 13, "fields": {"codigo": "SCYT", "nombre": "SECRETARÍA DE CIENCIA Y TECNOLOGÍA", "descripcion": "SECRETARÍA DE CIENCIA Y TECNOLOGÍA", "activa": true, "fecha_creacion": "2026-03-09T13:30:39.758", "fecha_modificacion": "2026-03-09T13:30:39.758", "usuario_creacion": "", "usuario_modificacion": ""}}, {"model": "secretarias.secretaria", "pk": 14, "fields": {"codigo": "SSDYEP", "nombre": "SUBSECRETARÍA DE DISEÑO Y EJECUCIÓN PROYECTOS", "descripcion": "SUBSECRETARÍA DE DISEÑO Y EJECUCIÓN PROYECTOS", "activa": true, "fecha_creacion": "2026-03-09T13:31:01.559", "fecha_modificacion": "2026-03-09T13:31:01.559", "usuario_creacion": "", "usuario_modificacion": ""}}, {"model": "secretarias.secretaria", "pk": 15, "fields": {"codigo": "SC", "nombre": "SECRETARÍA DE CULTURA", "descripcion": "SECRETARÍA DE CULTURA", "activa": true, "fecha_creacion": "2026-03-09T13:31:28.471", "fecha_modificacion": "2026-03-09T13:31:28.471", "usuario_creacion": "", "usuario_modificacion": ""}}, {"model": "secretarias.secretaria", "pk": 16, "fields": {"codigo": "SSIC", "nombre": "SUBSECRETARIA INDUSTRIAS CREATIVAS", "descripcion": "SUBSECRETARIA INDUSTRIAS CREATIVAS", "activa": true, "fecha_creacion": "2026-03-09T13:31:47.102", "fecha_modificacion": "2026-03-09T13:31:47.102", "usuario_creacion": "", "usuario_modificacion": ""}}, {"model": "secretarias.secretaria", "pk": 17, "fields": {"codigo": "SSD", "nombre": "SECRETARÍA DE SERVICIOS DIGITALES", "descripcion": "SECRETARÍA DE SERVICIOS DIGITALES", "activa": true, "fecha_creacion": "2026-03-09T13:32:21.407", "fecha_modificacion": "2026-03-09T13:32:21.407", "usuario_creacion": "", "usuario_modificacion": ""}}, {"model": "secretarias.secretaria", "pk": 18, "fields": {"codigo": "SSSD", "nombre": "SUBSECRETARIA DE SERVICIOS DIGITALES", "descripcion": "SUBSECRETARIA DE SERVICIOS DIGITALES", "activa": true, "fecha_creacion": "2026-03-09T13:32:49.613", "fecha_modificacion": "2026-03-09T13:32:49.613", "usuario_creacion": "", "usuario_modificacion": ""}}, {"model": "secretarias.secretaria", "pk": 19, "fields": {"codigo": "SSIT", "nombre": "SUBSECRETARIA DE INFRAESTRUCTURA TECNOLÓGICA", "descripcion": "SUBSECRETARIA DE INFRAESTRUCTURA TECNOLÓGICA", "activa": true, "fecha_creacion": "2026-03-09T13:33:09.651", "fecha_modificacion": "2026-03-09T13:33:09.651", "usuario_creacion": "", "usuario_modificacion": ""}}, {"model": "secretarias.secretaria", "pk": 20, "fields": {"codigo": "SEC", "nombre": "SECRETARÍA DE ECONOMÍA DEL CONOCIMIENTO", "descripcion": "SECRETARÍA DE ECONOMÍA DEL CONOCIMIENTO", "activa": true, "fecha_creacion": "2026-03-09T13:33:29.495", "fecha_modificacion": "2026-03-09T13:33:29.496", "usuario_creacion": "", "usuario_modificacion": ""}}, {"model": "secretarias.secretaria", "pk": 21, "fields": {"codigo": "SAI", "nombre": "AUDITOR INTERNO", "descripcion": "AUDITOR INTERNO", "activa": true, "fecha_creacion": "2026-03-09T13:33:53.626", "fecha_modificacion": "2026-03-09T13:33:53.626", "usuario_creacion": "", "usuario_modificacion": ""}}, {"model": "projects.eje", "pk": 1, "fields": {"nombre_eje": "Fortalecimiento de la Economía del Conocimiento"}}, {"model": "projects.eje", "pk": 2, "fields": {"nombre_eje": "Impulso a la Ciencia y Tecnología"}}, {"model": "projects.eje", "pk": 3, "fields": {"nombre_eje": "Transformación Digital y Gobierno Abierto"}}, {"model": "projects.eje", "pk": 4, "fields": {"nombre_eje": "Gestión y Fortalecimiento Institucional"}}, {"model": "projects.eje", "pk": 5, "fields": {"nombre_eje": "Fortalecimiento del Acceso y Desarrollo Cultural"}}, {"model": "projects.eje", "pk": 6, "fields": {"nombre_eje": "Monetización y Generación de Recursos Propios"}}, {"model": "projects.plan", "pk": 1, "fields": {"eje": 1, "nombre_plan": "1. Fortalecimiento de la Economía del Conocimiento", "proposito_politica_publica": "Posicionar a la provincia como hub tecnológico, fomentando el talento local y el crecimiento de empresas de base tecnológica.", "vision_estrategica": "Consolidar a la provincia como hub tecnológico de referencia, impulsando startups, talento especializado e internacionalización de servicios basados en conocimiento."}}, {"model": "projects.plan", "pk": 2, "fields": {"eje": 2, "nombre_plan": "2. Impulso a la Ciencia y Tecnología", "proposito_politica_publica": "Fomentar la investigación aplicada al territorio y la divulgación científica.", "vision_estrategica": "Consolidar la soberanía del conocimiento mediante articulación institucional y apropiación social de la ciencia."}}, {"model": "projects.plan", "pk": 3, "fields": {"eje": 3, "nombre_plan": "3. Transformación Digital y Gobierno Abierto", "proposito_politica_publica": "Modernizar la gestión pública con infraestructura digital centrada en el ciudadano.", "vision_estrategica": "Consolidar un Estado moderno, ágil y transparente."}}, {"model": "projects.plan", "pk": 4, "fields": {"eje": 4, "nombre_plan": "4. Gestión y Fortalecimiento Institucional", "proposito_politica_publica": "Transformar la arquitectura operativa del Estado Provincial.", "vision_estrategica": "Consolidar un modelo de gestión pública resiliente y tecnológicamente robusto."}}, {"model": "projects.plan", "pk": 5, "fields": {"eje": 5, "nombre_plan": "5. Fortalecimiento del Acceso y Desarrollo Cultural", "proposito_politica_publica": "Promover identidad fueguina y democratizar el acceso cultural.", "vision_estrategica": "Consolidar un ecosistema cultural inclusivo y participativo."}}, {"model": "projects.plan", "pk": 6, "fields": {"eje": 6, "nombre_plan": "6. Monetización y Generación de Recursos Propios", "proposito_politica_publica": "Generar ingresos para sostenibilidad de la Agencia.", "vision_estrategica": "Garantizar autonomía financiera mediante articulación público-privada."}}, {"model": "projects.programa", "pk": "1.1", "fields": {"plan": 1, "nombre_programa": "Impulso al Emprendedurismo Tech"}}, {"model": "projects.programa", "pk": "1.2", "fields": {"plan": 1, "nombre_programa": "Desarrollo de Talento"}}, {"model": "projects.programa", "pk": "1.3", "fields": {"plan": 1, "nombre_programa": "Proyectos de I+D Estratégica"}}, {"model": "projects.programa", "pk": "1.4", "fields": {"plan": 1, "nombre_programa": "Promoción y Radicación de Empresas"}}, {"model": "projects.programa", "pk": "1.5", "fields": {"plan": 1, "nombre_programa": "Actividades de Divulgación"}}, {"model": "projects.programa", "pk": "1.6", "fields": {"plan": 1, "nombre_programa": "Internacionalización de Servicios"}}, {"model": "projects.programa", "pk": "2.1", "fields": {"plan": 2, "nombre_programa": "Apropiación Social de la Ciencia, Tecnología e Innovación"}}, {"model": "projects.programa", "pk": "2.2", "fields": {"plan": 2, "nombre_programa": "Vinculación y Articulación Institucional"}}, {"model": "projects.programa", "pk": "2.3", "fields": {"plan": 2, "nombre_programa": "Desarrollo de Capacidades Científico-Tecnológicas"}}, {"model": "projects.programa", "pk": "3.1", "fields": {"plan": 3, "nombre_programa": "Modernización del Estado"}}, {"model": "projects.programa", "pk": "3.2", "fields": {"plan": 3, "nombre_programa": "Modernización Administrativa y Financiera"}}, {"model": "projects.programa", "pk": "3.3", "fields": {"plan": 3, "nombre_programa": "Fortalecimiento de la Ciberseguridad"}}, {"model": "projects.programa", "pk": "3.4", "fields": {"plan": 3, "nombre_programa": "Modernización y Fortalecimiento de Infraestructura Digital"}}, {"model": "projects.programa", "pk": "3.9", "fields": {"plan": 3, "nombre_programa": "Actualización y Mejora de Procesos"}}, {"model": "projects.programa", "pk": "4.1", "fields": {"plan": 4, "nombre_programa": "Desarrollo y Gestión del Talento Interno"}}, {"model": "projects.programa", "pk": "4.2", "fields": {"plan": 4, "nombre_programa": "Alianzas Estratégicas y Comunicación Institucional"}}, {"model": "projects.programa", "pk": "4.3", "fields": {"plan": 4, "nombre_programa": "Actualización de Infraestructura de Telecomunicaciones"}}, {"model": "projects.programa", "pk": "4.4", "fields": {"plan": 4, "nombre_programa": "Actualización de Terminales de Usuarios"}}, {"model": "projects.programa", "pk": "4.5", "fields": {"plan": 4, "nombre_programa": "Implementación de Herramientas de Software"}}, {"model": "projects.programa", "pk": "4.6", "fields": {"plan": 4, "nombre_programa": "Infraestructura de Virtualización"}}, {"model": "projects.programa", "pk": "4.7", "fields": {"plan": 4, "nombre_programa": "Infraestructura de Almacenamiento"}}, {"model": "projects.programa", "pk": "4.8", "fields": {"plan": 4, "nombre_programa": "Plan de Revisión y Mejora Continua"}}, {"model": "projects.programa", "pk": "4.9", "fields": {"plan": 4, "nombre_programa": "Marco Normativo en Ciberseguridad"}}, {"model": "projects.programa", "pk": "5.1", "fields": {"plan": 5, "nombre_programa": "Promoción y Circulación Cultural"}}, {"model": "projects.programa", "pk": "5.2", "fields": {"plan": 5, "nombre_programa": "Ferias y Mercados"}}, {"model": "projects.programa", "pk": "5.3", "fields": {"plan": 5, "nombre_programa": "Circulación Audiovisual"}}, {"model": "projects.programa", "pk": "5.4", "fields": {"plan": 5, "nombre_programa": "Democratización Cultural"}}, {"model": "projects.programa", "pk": "5.5", "fields": {"plan": 5, "nombre_programa": "Fortalecimiento del Patrimonio Cultural"}}, {"model": "projects.programa", "pk": "6.1", "fields": {"plan": 6, "nombre_programa": "Acuerdos Público-Privados"}}, {"model": "projects.programa", "pk": "6.2", "fields": {"plan": 6, "nombre_programa": "Plataformas y Servicios para Terceros"}}, {"model": "projects.programa", "pk": "6.3", "fields": {"plan": 6, "nombre_programa": "Administración Financiera Sustentable"}}, {"model": "projects.objetivoestrategico", "pk": 1, "fields": {"programa": "1.1", "descripcion": "Acelerar el desarrollo de startups fueguinas."}}, {"model": "projects.objetivoestrategico", "pk": 2, "fields": {"programa": "1.2", "descripcion": "Reducir la brecha de talento en tecnologías clave."}}, {"model": "projects.objetivoestrategico", "pk": 3, "fields": {"programa": "1.3", "descripcion": "Generar conocimiento y soluciones para desafíos provinciales."}}, {"model": "projects.objetivoestrategico", "pk": 4, "fields": {"programa": "1.4", "descripcion": "Ampliar el ecosistema de empresas de la Economía del Conocimiento."}}, {"model": "projects.objetivoestrategico", "pk": 5, "fields": {"programa": "1.5", "descripcion": "Sensibilización y transferencia de conocimiento."}}, {"model": "projects.objetivoestrategico", "pk": 6, "fields": {"programa": "1.6", "descripcion": "Exportación de servicios basados en conocimiento."}}, {"model": "projects.objetivoestrategico", "pk": 7, "fields": {"programa": "2.1", "descripcion": "Fomentar vocaciones científicas y promover la apropiación social del conocimiento."}}, {"model": "projects.objetivoestrategico", "pk": 8, "fields": {"programa": "2.2", "descripcion": "Centralizar y coordinar vinculaciones con el sistema científico-tecnológico."}}, {"model": "projects.objetivoestrategico", "pk": 9, "fields": {"programa": "2.3", "descripcion": "Fortalecer el sistema científico, tecnológico e innovador provincial."}}, {"model": "projects.objetivoestrategico", "pk": 10, "fields": {"programa": "3.1", "descripcion": "Optimizar eficiencia y transparencia."}}, {"model": "projects.objetivoestrategico", "pk": 11, "fields": {"programa": "3.2", "descripcion": "Garantizar transparencia y optimización de recursos."}}, {"model": "projects.objetivoestrategico", "pk": 12, "fields": {"programa": "3.3", "descripcion": "Desarrollar marcos normativos y mejora continua en seguridad informática."}}, {"model": "projects.objetivoestrategico", "pk": 13, "fields": {"programa": "3.4", "descripcion": "Actualizar telecomunicaciones, terminales, virtualización y almacenamiento."}}, {"model": "projects.objetivoestrategico", "pk": 14, "fields": {"programa": "3.9", "descripcion": "Implementar procesos ágiles y eficientes."}}, {"model": "projects.objetivoestrategico", "pk": 15, "fields": {"programa": "4.1", "descripcion": "Fortalecer capacidades institucionales del sector público."}}, {"model": "projects.objetivoestrategico", "pk": 16, "fields": {"programa": "4.2", "descripcion": "Promover convenios y articulaciones interinstitucionales."}}, {"model": "projects.objetivoestrategico", "pk": 17, "fields": {"programa": "4.3", "descripcion": "Fortalecer conectividad y resiliencia digital."}}, {"model": "projects.objetivoestrategico", "pk": 18, "fields": {"programa": "4.4", "descripcion": "Modernizar el parque tecnológico."}}, {"model": "projects.objetivoestrategico", "pk": 19, "fields": {"programa": "4.5", "descripcion": "Adoptar soluciones innovadoras e interoperables."}}, {"model": "projects.objetivoestrategico", "pk": 20, "fields": {"programa": "4.6", "descripcion": "Garantizar disponibilidad y seguridad de datos."}}, {"model": "projects.objetivoestrategico", "pk": 21, "fields": {"programa": "4.7", "descripcion": "Consolidar almacenamiento digital seguro y escalable."}}, {"model": "projects.objetivoestrategico", "pk": 22, "fields": {"programa": "4.8", "descripcion": "Garantizar mejora continua y auditorías periódicas."}}, {"model": "projects.objetivoestrategico", "pk": 23, "fields": {"programa": "4.9", "descripcion": "Reforzar normativa de protección y ciberseguridad."}}, {"model": "projects.objetivoestrategico", "pk": 24, "fields": {"programa": "5.1", "descripcion": "Promover producción y acceso a contenidos culturales."}}, {"model": "projects.objetivoestrategico", "pk": 25, "fields": {"programa": "5.2", "descripcion": "Impulsar comercialización de artistas locales."}}, {"model": "projects.objetivoestrategico", "pk": 26, "fields": {"programa": "5.3", "descripcion": "Fortalecer redes y proyectos audiovisuales."}}, {"model": "projects.objetivoestrategico", "pk": 27, "fields": {"programa": "5.4", "descripcion": "Ampliar acceso cultural a toda la población."}}, {"model": "projects.objetivoestrategico", "pk": 28, "fields": {"programa": "5.5", "descripcion": "Revalorizar expresiones tradicionales."}}, {"model": "projects.objetivoestrategico", "pk": 29, "fields": {"programa": "6.1", "descripcion": "Articular acuerdos estratégicos."}}, {"model": "projects.objetivoestrategico", "pk": 30, "fields": {"programa": "6.2", "descripcion": "Desarrollar soluciones digitales rentables."}}, {"model": "projects.objetivoestrategico", "pk": 31, "fields": {"programa": "6.3", "descripcion": "Generar y administrar recursos sostenibles."}}, {"model": "projects.proyecto", "pk": 11, "fields": {"nombre": "Prácticas Profesionalizantes Colegio antonio marte", "descripcion": "Prácticas Profesionalizantes Colegio antonio marte , prácticas reales 2026 para los alumnos.", "fecha_inicio": "2026-03-02", "fecha_fin_estimada": "2026-06-30", "fecha_fin_real": null, "estado": "Activo", "porcentaje_avance": "0", "creado_por": 6, "fecha_creacion": "2026-03-02T15:25:19.710", "programa": null, "objetivo_estrategico": null, "usuario_responsable": 9, "area": null, "secretaria": 7}}, {"model": "projects.proyecto", "pk": 12, "fields": {"nombre": "Práctica profesionalizante en Producción Audiovisual y Streaming (Colegio Marte - Tutor Laura Funes)", "descripcion": "Práctica profesionalizante en Producción Audiovisual y Streaming (Colegio Marte - Tutor Laura Funes)", "fecha_inicio": "2026-03-02", "fecha_fin_estimada": "2026-07-30", "fecha_fin_real": null, "estado": "Activo", "porcentaje_avance": "0", "creado_por": 6, "fecha_creacion": "2026-03-02T17:10:04.602", "programa": null, "objetivo_estrategico": null, "usuario_responsable": 9, "area": null, "secretaria": 7}}, {"model": "projects.proyecto", "pk": 13, "fields": {"nombre": "Práctica profesionalizante- Automatización de Huerta (Colegio Marte)", "descripcion": "Práctica profesionalizante- Automatización de Huerta (Colegio Marte- Tutor Mauro Gonzalez)", "fecha_inicio": "2026-03-02", "fecha_fin_estimada": "2026-06-30", "fecha_fin_real": null, "estado": "Activo", "porcentaje_avance": "0", "creado_por": 6, "fecha_creacion": "2026-03-02T17:20:52.653", "programa": null, "objetivo_estrategico": null, "usuario_responsable": 9, "area": null, "secretaria": 7}}, {"model": "projects.proyecto", "pk": 14, "fields": {"nombre": "Pasantías No Rentadas 6to Año - Colegio kloketen", "descripcion": "Pasantías No Rentadas 6to Año - Colegio kloketen", "fecha_inicio": "2026-03-02", "fecha_fin_estimada": "2026-06-30", "fecha_fin_real": null, "estado": "Activo", "porcentaje_avance": "0", "creado_por": 6, "fecha_creacion": "2026-03-02T17:33:36.173", "programa": null, "objetivo_estrategico": null, "usuario_responsable": 9, "area": null, "secretaria": 7}}, {"model": "projects.proyecto", "pk": 16, "fields": {"nombre": "Plan de Capacitación Cisco 2026", "descripcion": "Plan de Capacitación Cisco 2026", "fecha_inicio": "2026-03-02", "fecha_fin_estimada": "2026-12-31", "fecha_fin_real": null, "estado": "Activo", "porcentaje_avance": "0", "creado_por": 6, "fecha_creacion": "2026-03-02T17:44:39.641", "programa": null, "objetivo_estrategico": null, "usuario_responsable": 9, "area": null, "secretaria": 7}}, {"model": "projects.proyecto", "pk": 17, "fields": {"nombre": "Centro de Economía y Conocimiento de China", "descripcion": "Centro de Economía y Conocimiento de China", "fecha_inicio": "2026-03-02", "fecha_fin_estimada": "2026-06-30", "fecha_fin_real": null, "estado": "Activo", "porcentaje_avance": "0", "creado_por": 6, "fecha_creacion": "2026-03-02T17:51:21.142", "programa": null, "objetivo_estrategico": null, "usuario_responsable": 9, "area": null, "secretaria": 7}}, {"model": "projects.proyecto", "pk": 18, "fields": {"nombre": "PFI 2026: Proyecto Manejo del Fuego", "descripcion": "PFI 2026: Proyecto Manejo del Fuego", "fecha_inicio": "2026-03-02", "fecha_fin_estimada": "2026-03-28", "fecha_fin_real": null, "estado": "Activo", "porcentaje_avance": "0", "creado_por": 6, "fecha_creacion": "2026-03-02T17:58:38.251", "programa": null, "objetivo_estrategico": null, "usuario_responsable": 9, "area": null, "secretaria": 7}}, {"model": "projects.proyecto", "pk": 19, "fields": {"nombre": "Regularización Administrativa IDE (Expediente)", "descripcion": "Regularización Administrativa IDE (Expediente)", "fecha_inicio": "2026-03-02", "fecha_fin_estimada": "2026-03-28", "fecha_fin_real": null, "estado": "Activo", "porcentaje_avance": "0", "creado_por": 6, "fecha_creacion": "2026-03-02T18:03:31.162", "programa": null, "objetivo_estrategico": null, "usuario_responsable": 9, "area": null, "secretaria": 7}}, {"model": "projects.proyecto", "pk": 20, "fields": {"nombre": "Resolución de Prestación de Servicios IDE", "descripcion": "Resolución de Prestación de Servicios IDE (Carmen)", "fecha_inicio": "2026-03-02", "fecha_fin_estimada": "2026-06-30", "fecha_fin_real": null, "estado": "Activo", "porcentaje_avance": "0", "creado_por": 6, "fecha_creacion": "2026-03-02T18:07:23.953", "programa": null, "objetivo_estrategico": null, "usuario_responsable": 9, "area": null, "secretaria": 7}}, {"model": "projects.proyecto", "pk": 21, "fields": {"nombre": "Gestión de RRHH: Reducción Horaria", "descripcion": "Gestión de RRHH: Reducción Horaria", "fecha_inicio": "2026-03-02", "fecha_fin_estimada": "2026-06-30", "fecha_fin_real": null, "estado": "Activo", "porcentaje_avance": "0", "creado_por": 6, "fecha_creacion": "2026-03-02T18:15:37.012", "programa": null, "objetivo_estrategico": null, "usuario_responsable": 9, "area": null, "secretaria": 7}}, {"model": "projects.proyecto", "pk": 22, "fields": {"nombre": "Revisión y Ajuste de Horarios Polos", "descripcion": "Revisión y Ajuste de Horarios Polos", "fecha_inicio": "2026-03-02", "fecha_fin_estimada": "2026-07-30", "fecha_fin_real": null, "estado": "Activo", "porcentaje_avance": "0", "creado_por": 6, "fecha_creacion": "2026-03-02T18:20:34.061", "programa": null, "objetivo_estrategico": null, "usuario_responsable": 9, "area": null, "secretaria": 7}}, {"model": "projects.proyecto", "pk": 24, "fields": {"nombre": "Plataforma Educativa FP", "descripcion": "Plataforma Educativa FP (Ever)", "fecha_inicio": "2026-03-02", "fecha_fin_estimada": "2026-06-30", "fecha_fin_real": null, "estado": "Activo", "porcentaje_avance": "0", "creado_por": 6, "fecha_creacion": "2026-03-02T18:52:09.564", "programa": null, "objetivo_estrategico": null, "usuario_responsable": 9, "area": null, "secretaria": 7}}, {"model": "projects.proyecto", "pk": 25, "fields": {"nombre": "TDR Formación Profesional Videojuegos", "descripcion": "TDR Formación Profesional Videojuegos", "fecha_inicio": "2026-03-02", "fecha_fin_estimada": "2026-06-30", "fecha_fin_real": null, "estado": "Activo", "porcentaje_avance": "0", "creado_por": 6, "fecha_creacion": "2026-03-02T18:56:03.314", "programa": null, "objetivo_estrategico": null, "usuario_responsable": 9, "area": null, "secretaria": 7}}, {"model": "projects.proyecto", "pk": 26, "fields": {"nombre": "Convenio Marco de Educación", "descripcion": "Convenio Marco de Educación (Fernanda)", "fecha_inicio": "2026-03-02", "fecha_fin_estimada": "2026-03-28", "fecha_fin_real": null, "estado": "Activo", "porcentaje_avance": "0", "creado_por": 6, "fecha_creacion": "2026-03-02T18:58:35.011", "programa": null, "objetivo_estrategico": null, "usuario_responsable": 9, "area": null, "secretaria": 7}}, {"model": "projects.proyecto", "pk": 28, "fields": {"nombre": "Simposio 2026 Agencia de Innovación", "descripcion": "Simposio 2026 Agencia de Innovación", "fecha_inicio": "2026-03-02", "fecha_fin_estimada": "2026-06-30", "fecha_fin_real": null, "estado": "Activo", "porcentaje_avance": "0", "creado_por": 6, "fecha_creacion": "2026-03-02T19:04:29.426", "programa": null, "objetivo_estrategico": null, "usuario_responsable": 9, "area": null, "secretaria": 7}}, {"model": "projects.proyecto", "pk": 29, "fields": {"nombre": "Reunión IPAP 15 de Marzo (Egresados TS)", "descripcion": "Reunión IPAP 15 de Marzo (Egresados TS)", "fecha_inicio": "2026-03-02", "fecha_fin_estimada": "2026-06-30", "fecha_fin_real": null, "estado": "Activo", "porcentaje_avance": "0", "creado_por": 6, "fecha_creacion": "2026-03-02T19:07:27.471", "programa": null, "objetivo_estrategico": null, "usuario_responsable": 9, "area": null, "secretaria": 7}}, {"model": "projects.proyecto", "pk": 30, "fields": {"nombre": "Ampliación de Prácticas Profesionales (Anexo 11)", "descripcion": "Ampliación de Prácticas Profesionales (Anexo 11)", "fecha_inicio": "2026-03-02", "fecha_fin_estimada": "2026-06-30", "fecha_fin_real": null, "estado": "Activo", "porcentaje_avance": "0", "creado_por": 6, "fecha_creacion": "2026-03-02T19:09:47.051", "programa": null, "objetivo_estrategico": null, "usuario_responsable": 9, "area": null, "secretaria": 7}}, {"model": "projects.proyecto", "pk": 31, "fields": {"nombre": "Proyecto Biotecnología", "descripcion": "Proyecto Biotecnología", "fecha_inicio": "2026-03-02", "fecha_fin_estimada": "2026-06-30", "fecha_fin_real": null, "estado": "Activo", "porcentaje_avance": "0", "creado_por": 6, "fecha_creacion": "2026-03-02T19:13:13.260", "programa": null, "objetivo_estrategico": null, "usuario_responsable": 9, "area": null, "secretaria": 7}}, {"model": "projects.proyecto", "pk": 32, "fields": {"nombre": "Agenda Semana de Malvinas", "descripcion": "Agenda Semana de Malvinas", "fecha_inicio": "2026-03-02", "fecha_fin_estimada": "2026-06-30", "fecha_fin_real": null, "estado": "Activo", "porcentaje_avance": "0", "creado_por": 6, "fecha_creacion": "2026-03-02T19:18:09.338", "programa": null, "objetivo_estrategico": null, "usuario_responsable": 9, "area": null, "secretaria": 7}}, {"model": "projects.proyecto", "pk": 33, "fields": {"nombre": "Semana de la Creatividad e Innovación (21 de Abril)", "descripcion": "Semana de la Creatividad e Innovación (21 de Abril)", "fecha_inicio": "2026-03-02", "fecha_fin_estimada": "2026-06-30", "fecha_fin_real": null, "estado": "Activo", "porcentaje_avance": "0", "creado_por": 6, "fecha_creacion": "2026-03-02T19:22:23.539", "programa": null, "objetivo_estrategico": null, "usuario_responsable": 9, "area": null, "secretaria": 7}}, {"model": "projects.proyecto", "pk": 34, "fields": {"nombre": "Convenio Jala University", "descripcion": "Convenio Jala University", "fecha_inicio": "2026-03-02", "fecha_fin_estimada": "2026-06-30", "fecha_fin_real": null, "estado": "Activo", "porcentaje_avance": "0", "creado_por": 6, "fecha_creacion": "2026-03-02T19:25:43.712", "programa": null, "objetivo_estrategico": null, "usuario_responsable": 9, "area": null, "secretaria": 7}}, {"model": "projects.proyecto", "pk": 35, "fields": {"nombre": "Acción Comunitaria \"Estudia con Malvinas\"", "descripcion": "Acción Comunitaria \"Estudia con Malvinas\"", "fecha_inicio": "2026-03-02", "fecha_fin_estimada": "2026-03-28", "fecha_fin_real": null, "estado": "Activo", "porcentaje_avance": "0", "creado_por": 6, "fecha_creacion": "2026-03-02T19:28:27.901", "programa": null, "objetivo_estrategico": null, "usuario_responsable": 9, "area": null, "secretaria": 7}}, {"model": "projects.proyecto", "pk": 36, "fields": {"nombre": "TDR Segunda Fase Matemática (Malvina)", "descripcion": "TDR Segunda Fase Matemática (Malvina)", "fecha_inicio": "2026-03-02", "fecha_fin_estimada": "2026-06-30", "fecha_fin_real": null, "estado": "Activo", "porcentaje_avance": "0", "creado_por": 6, "fecha_creacion": "2026-03-02T19:33:35.502", "programa": null, "objetivo_estrategico": null, "usuario_responsable": 9, "area": null, "secretaria": 7}}, {"model": "projects.proyecto", "pk": 37, "fields": {"nombre": "Sistema de Rendiciones COFECYT", "descripcion": "Sistema de Rendiciones COFECYT", "fecha_inicio": "2026-03-02", "fecha_fin_estimada": "2026-06-30", "fecha_fin_real": null, "estado": "Activo", "porcentaje_avance": "0", "creado_por": 6, "fecha_creacion": "2026-03-02T19:36:41.418", "programa": null, "objetivo_estrategico": null, "usuario_responsable": 9, "area": null, "secretaria": 7}}, {"model": "projects.proyecto", "pk": 38, "fields": {"nombre": "Aplicación Registro y Base de Datos", "descripcion": "Aplicación Registro y Base de Datos (Horacio)", "fecha_inicio": "2026-03-02", "fecha_fin_estimada": "2026-06-30", "fecha_fin_real": null, "estado": "Activo", "porcentaje_avance": "0", "creado_por": 6, "fecha_creacion": "2026-03-02T19:39:25.161", "programa": null, "objetivo_estrategico": null, "usuario_responsable": 9, "area": null, "secretaria": 7}}, {"model": "projects.proyecto", "pk": 39, "fields": {"nombre": "Proyecto Piloto Jóvenes y Adultos (EPS)", "descripcion": "Proyecto Piloto Jóvenes y Adultos (EPS)", "fecha_inicio": "2026-03-02", "fecha_fin_estimada": "2026-06-30", "fecha_fin_real": null, "estado": "Activo", "porcentaje_avance": "0", "creado_por": 6, "fecha_creacion": "2026-03-02T19:42:11.504", "programa": null, "objetivo_estrategico": null, "usuario_responsable": 9, "area": null, "secretaria": 7}}, {"model": "projects.proyecto", "pk": 40, "fields": {"nombre": "Formación en IA para Asesores Pedagógicos", "descripcion": "Formación en IA para Asesores Pedagógicos", "fecha_inicio": "2026-03-02", "fecha_fin_estimada": "2026-06-30", "fecha_fin_real": null, "estado": "Activo", "porcentaje_avance": "0", "creado_por": 6, "fecha_creacion": "2026-03-02T19:44:27.935", "programa": null, "objetivo_estrategico": null, "usuario_responsable": 9, "area": null, "secretaria": 7}}, {"model": "projects.proyecto", "pk": 41, "fields": {"nombre": "Plan Provincial de Inteligencia Artificial (PIPIA)", "descripcion": "Plan Provincial de Inteligencia Artificial (PIPIA)", "fecha_inicio": "2026-03-02", "fecha_fin_estimada": "2026-06-30", "fecha_fin_real": null, "estado": "Activo", "porcentaje_avance": "0", "creado_por": 6, "fecha_creacion": "2026-03-02T19:47:17.957", "programa": null, "objetivo_estrategico": null, "usuario_responsable": 9, "area": null, "secretaria": 7}}, {"model": "projects.proyecto", "pk": 42, "fields": {"nombre": "Plan de Turismo Científico 2026", "descripcion": "Plan de Turismo Científico 2026", "fecha_inicio": "2026-03-02", "fecha_fin_estimada": "2026-06-30", "fecha_fin_real": null, "estado": "Activo", "porcentaje_avance": "0", "creado_por": 6, "fecha_creacion": "2026-03-02T19:49:45.038", "programa": null, "objetivo_estrategico": null, "usuario_responsable": 9, "area": null, "secretaria": 7}}, {"model": "projects.proyecto", "pk": 43, "fields": {"nombre": "Producción del Streaming \"Ciencia en Fuego\"", "descripcion": "Producción del Streaming \"Ciencia en Fuego\"", "fecha_inicio": "2026-03-02", "fecha_fin_estimada": "2026-06-30", "fecha_fin_real": null, "estado": "Activo", "porcentaje_avance": "0", "creado_por": 6, "fecha_creacion": "2026-03-02T19:52:09.764", "programa": null, "objetivo_estrategico": null, "usuario_responsable": 9, "area": null, "secretaria": 7}}, {"model": "projects.proyecto", "pk": 44, "fields": {"nombre": "Actualización de diseño de los Diarios de Campo", "descripcion": "Actualización de diseño de los Diarios de Campo", "fecha_inicio": "2026-03-02", "fecha_fin_estimada": "2026-06-30", "fecha_fin_real": null, "estado": "Activo", "porcentaje_avance": "0", "creado_por": 6, "fecha_creacion": "2026-03-02T19:55:18.032", "programa": null, "objetivo_estrategico": null, "usuario_responsable": 9, "area": null, "secretaria": 7}}, {"model": "projects.proyecto", "pk": 52, "fields": {"nombre": "Articulación con Instituciones - Talleres", "descripcion": "Articulación con Instituciones - Talleres", "fecha_inicio": "2026-03-06", "fecha_fin_estimada": "2026-06-30", "fecha_fin_real": null, "estado": "Activo", "porcentaje_avance": "0", "creado_por": 13, "fecha_creacion": "2026-03-06T16:26:27.936", "programa": null, "objetivo_estrategico": null, "usuario_responsable": 9, "area": null, "secretaria": 7}}, {"model": "projects.proyecto", "pk": 53, "fields": {"nombre": "Vinculación con BOUNDY EDTECH APP", "descripcion": "Vinculación con BOUNDY EDTECH APP", "fecha_inicio": "2026-03-06", "fecha_fin_estimada": "2026-06-30", "fecha_fin_real": null, "estado": "Activo", "porcentaje_avance": "0", "creado_por": 13, "fecha_creacion": "2026-03-06T16:43:57.397", "programa": null, "objetivo_estrategico": null, "usuario_responsable": 9, "area": null, "secretaria": 7}}, {"model": "projects.proyecto", "pk": 54, "fields": {"nombre": "Desembolso de fondos de Nación (2do)", "descripcion": "Desembolso de fondos de Nación (2do)", "fecha_inicio": "2026-03-06", "fecha_fin_estimada": "2026-06-30", "fecha_fin_real": null, "estado": "Activo", "porcentaje_avance": "0", "creado_por": 13, "fecha_creacion": "2026-03-06T13:51:27.196", "programa": null, "objetivo_estrategico": null, "usuario_responsable": 9, "area": null, "secretaria": 7}}, {"model": "projects.proyecto", "pk": 55, "fields": {"nombre": "RESOLVER CONVENIO CON CADIC", "descripcion": "RESOLVER CONVENIO CON CADIC", "fecha_inicio": "2026-03-06", "fecha_fin_estimada": "2026-06-30", "fecha_fin_real": null, "estado": "Activo", "porcentaje_avance": "0", "creado_por": 13, "fecha_creacion": "2026-03-06T14:09:32.826", "programa": null, "objetivo_estrategico": null, "usuario_responsable": 9, "area": null, "secretaria": 7}}, {"model": "projects.comentarioproyecto", "pk": 3, "fields": {"proyecto": 11, "usuario": 9, "texto": "SE INICIO EL PROYECTO  DE PRATICAS CON Colegio antonio marte", "fecha": "2026-03-02T15:53:19.626", "fecha_edicion": null, "editado_por": null}}, {"model": "projects.comentarioauditlog", "pk": 1, "fields": {"tipo": "tarea", "comentario_id": 3, "accion": "eliminar", "usuario": 6, "fecha": "2026-03-03T19:13:44.913", "texto_anterior": "holisss", "texto_nuevo": "", "proyecto_id": 11, "tarea_id": 29}}, {"model": "projects.adjuntoauditlog", "pk": 1, "fields": {"tipo": "tarea", "adjunto_id": 2, "accion": "eliminar", "usuario": 9, "fecha": "2026-03-03T19:33:19.572", "nombre_archivo": "web-iconos_-02.png", "nombre_anterior": "", "nombre_nuevo": "", "proyecto_id": 11, "tarea_id": 29}}, {"model": "projects.adjuntoauditlog", "pk": 2, "fields": {"tipo": "proyecto", "adjunto_id": 1, "accion": "eliminar", "usuario": 6, "fecha": "2026-03-03T19:42:44.648", "nombre_archivo": "LOGO-COLOR-1536x403.png", "nombre_anterior": "", "nombre_nuevo": "", "proyecto_id": 11, "tarea_id": null}}, {"model": "projects.adjuntoauditlog", "pk": 3, "fields": {"tipo": "tarea", "adjunto_id": 3, "accion": "eliminar", "usuario": 6, "fecha": "2026-03-03T19:55:47.448", "nombre_archivo": "Recurso-1.png", "nombre_anterior": "", "nombre_nuevo": "", "proyecto_id": 11, "tarea_id": 30}}, {"model": "tasks.tarea", "pk": 28, "fields": {"proyecto": 11, "tarea_padre": null, "etapa": null, "area": null, "secretaria": 7, "titulo": "Redactar nota de elevación con las 4 ofertas integradoras", "descripcion": "Redactar nota de elevación con las 4 ofertas integradoras", "responsable": 9, "fecha_inicio": "2026-03-02", "fecha_vencimiento": "2026-03-06", "estado": "Finalizada", "porcentaje_avance": 100, "prioridad": "Media", "orden": 0, "fecha_creacion": "2026-03-02T15:31:43.229"}}, {"model": "tasks.tarea", "pk": 29, "fields": {"proyecto": 11, "tarea_padre": null, "etapa": null, "area": null, "secretaria": 7, "titulo": "Enviar el proyecto formal a la dirección de la escuela.", "descripcion": "Enviar el proyecto formal a la dirección de la escuela.", "responsable": 9, "fecha_inicio": "2026-03-02", "fecha_vencimiento": "2026-03-06", "estado": "En proceso", "porcentaje_avance": 2, "prioridad": "Media", "orden": 0, "fecha_creacion": "2026-03-02T15:32:50.351"}}, {"model": "tasks.tarea", "pk": 30, "fields": {"proyecto": 11, "tarea_padre": null, "etapa": null, "area": null, "secretaria": 7, "titulo": "Definir topes de estudiantes por proyecto y criterios de renovación.", "descripcion": "Definir topes de estudiantes por proyecto y criterios de renovación.", "responsable": 9, "fecha_inicio": "2026-03-02", "fecha_vencimiento": "2026-03-06", "estado": "En proceso", "porcentaje_avance": 1, "prioridad": "Media", "orden": 0, "fecha_creacion": "2026-03-02T15:33:29.692"}}, {"model": "tasks.tarea", "pk": 31, "fields": {"proyecto": 11, "tarea_padre": null, "etapa": null, "area": null, "secretaria": 7, "titulo": "Coordinar con la escuela la devolución del proyecto firmado.", "descripcion": "Coordinar con la escuela la devolución del proyecto firmado.", "responsable": 9, "fecha_inicio": "2026-03-02", "fecha_vencimiento": "2026-03-07", "estado": "Pendiente", "porcentaje_avance": 1, "prioridad": "Alta", "orden": 0, "fecha_creacion": "2026-03-02T15:34:35.099"}}, {"model": "tasks.tarea", "pk": 32, "fields": {"proyecto": 11, "tarea_padre": null, "etapa": null, "area": null, "secretaria": 7, "titulo": "Fijar cronograma y fechas de inicio de las prácticas", "descripcion": "Fijar cronograma y fechas de inicio de las prácticas", "responsable": 9, "fecha_inicio": "2026-03-02", "fecha_vencimiento": "2026-03-06", "estado": "En proceso", "porcentaje_avance": 1, "prioridad": "Media", "orden": 0, "fecha_creacion": "2026-03-02T15:35:20.612"}}, {"model": "tasks.tarea", "pk": 33, "fields": {"proyecto": 11, "tarea_padre": null, "etapa": null, "area": null, "secretaria": 7, "titulo": "Designar tutores internos para el seguimiento pedagógico y técnico.", "descripcion": "Designar tutores internos para el seguimiento pedagógico y técnico.", "responsable": 9, "fecha_inicio": "2026-03-02", "fecha_vencimiento": "2026-03-06", "estado": "En proceso", "porcentaje_avance": 1, "prioridad": "Media", "orden": 0, "fecha_creacion": "2026-03-02T15:36:09.513"}}, {"model": "tasks.tarea", "pk": 34, "fields": {"proyecto": 11, "tarea_padre": null, "etapa": null, "area": null, "secretaria": 7, "titulo": "iniciar la inducción y capacitación redacción de cv y entrevistas laborales (a cargo de IPAP))", "descripcion": "iniciar la inducción y capacitación redacción de cv y entrevistas laborales (a cargo de IPAP))", "responsable": 9, "fecha_inicio": "2026-03-02", "fecha_vencimiento": "2026-03-06", "estado": "En proceso", "porcentaje_avance": 1, "prioridad": "Media", "orden": 0, "fecha_creacion": "2026-03-02T15:36:55.550"}}, {"model": "tasks.tarea", "pk": 35, "fields": {"proyecto": 11, "tarea_padre": null, "etapa": null, "area": null, "secretaria": 7, "titulo": "Convocatoria y postulaciones a las prácticas", "descripcion": "Convocatoria y postulaciones a las prácticas", "responsable": 9, "fecha_inicio": "2026-03-02", "fecha_vencimiento": "2026-03-06", "estado": "En proceso", "porcentaje_avance": 1, "prioridad": "Baja", "orden": 0, "fecha_creacion": "2026-03-02T15:37:51.784"}}, {"model": "tasks.tarea", "pk": 36, "fields": {"proyecto": 11, "tarea_padre": 35, "etapa": null, "area": null, "secretaria": 7, "titulo": "Difusión institucional", "descripcion": "Difusión institucional", "responsable": 9, "fecha_inicio": "2026-03-02", "fecha_vencimiento": "2026-03-06", "estado": "En proceso", "porcentaje_avance": 1, "prioridad": "Media", "orden": 0, "fecha_creacion": "2026-03-02T15:38:47.804"}}, {"model": "tasks.tarea", "pk": 37, "fields": {"proyecto": 11, "tarea_padre": 35, "etapa": null, "area": null, "secretaria": 7, "titulo": "Selección de perfiles y entrevistas (AIF)", "descripcion": "Selección de perfiles y entrevistas (AIF)", "responsable": 9, "fecha_inicio": "2026-03-02", "fecha_vencimiento": "2026-03-30", "estado": "En proceso", "porcentaje_avance": 1, "prioridad": "Baja", "orden": 0, "fecha_creacion": "2026-03-02T18:39:32.560"}}, {"model": "tasks.tarea", "pk": 38, "fields": {"proyecto": 11, "tarea_padre": null, "etapa": null, "area": null, "secretaria": 7, "titulo": "Iniciar las prácticas", "descripcion": "Iniciar las prácticas", "responsable": 9, "fecha_inicio": "2026-03-02", "fecha_vencimiento": "2026-03-06", "estado": "En proceso", "porcentaje_avance": 1, "prioridad": "Media", "orden": 0, "fecha_creacion": "2026-03-02T15:40:17.710"}}, {"model": "tasks.tarea", "pk": 39, "fields": {"proyecto": 11, "tarea_padre": 38, "etapa": null, "area": null, "secretaria": 7, "titulo": "Presentación institucional y bienvenida", "descripcion": "Presentación institucional y bienvenida", "responsable": 9, "fecha_inicio": "2026-03-02", "fecha_vencimiento": "2026-03-06", "estado": "En proceso", "porcentaje_avance": 1, "prioridad": "Media", "orden": 0, "fecha_creacion": "2026-03-02T15:42:16.918"}}, {"model": "tasks.tarea", "pk": 40, "fields": {"proyecto": 12, "tarea_padre": null, "etapa": null, "area": null, "secretaria": 7, "titulo": "Realizar inventario técnico y validar disponibilidad de equipos en el Polo.", "descripcion": "Realizar inventario técnico y validar disponibilidad de equipos en el Polo.", "responsable": 9, "fecha_inicio": "2026-03-02", "fecha_vencimiento": "2026-06-30", "estado": "En proceso", "porcentaje_avance": 1, "prioridad": "Media", "orden": 0, "fecha_creacion": "2026-03-02T17:10:52.510"}}, {"model": "tasks.tarea", "pk": 41, "fields": {"proyecto": 12, "tarea_padre": null, "etapa": null, "area": null, "secretaria": 7, "titulo": "Diseñar el plan de contenidos/guiones para las prácticas con alumnos.", "descripcion": "Diseñar el plan de contenidos/guiones para las prácticas con alumnos.", "responsable": 9, "fecha_inicio": "2026-03-02", "fecha_vencimiento": "2026-03-21", "estado": "En proceso", "porcentaje_avance": 1, "prioridad": "Media", "orden": 0, "fecha_creacion": "2026-03-02T17:11:37.543"}}, {"model": "tasks.tarea", "pk": 42, "fields": {"proyecto": 12, "tarea_padre": null, "etapa": null, "area": null, "secretaria": 7, "titulo": "Establecer el cronograma de rodaje mensual.", "descripcion": "Establecer el cronograma de rodaje mensual.", "responsable": 9, "fecha_inicio": "2026-03-02", "fecha_vencimiento": "2026-03-21", "estado": "En proceso", "porcentaje_avance": 1, "prioridad": "Media", "orden": 0, "fecha_creacion": "2026-03-02T17:12:13.830"}}, {"model": "tasks.tarea", "pk": 43, "fields": {"proyecto": 12, "tarea_padre": null, "etapa": null, "area": null, "secretaria": 7, "titulo": "Coordinar las etapas de postproducción y edición con los estudiantes", "descripcion": "Coordinar las etapas de postproducción y edición con los estudiantes", "responsable": 9, "fecha_inicio": "2026-03-02", "fecha_vencimiento": "2026-03-21", "estado": "En proceso", "porcentaje_avance": 1, "prioridad": "Media", "orden": 0, "fecha_creacion": "2026-03-02T17:13:01.458"}}, {"model": "tasks.tarea", "pk": 44, "fields": {"proyecto": 13, "tarea_padre": null, "etapa": null, "area": null, "secretaria": 7, "titulo": "Realizar visita técnica a IPES FA para diagnóstico del estado de la huerta.", "descripcion": "Realizar visita técnica a IPES FA para diagnóstico del estado de la huerta.", "responsable": 9, "fecha_inicio": "2026-03-02", "fecha_vencimiento": "2026-03-28", "estado": "En proceso", "porcentaje_avance": 1, "prioridad": "Media", "orden": 0, "fecha_creacion": "2026-03-02T17:22:44.616"}}, {"model": "tasks.tarea", "pk": 45, "fields": {"proyecto": 13, "tarea_padre": null, "etapa": null, "area": null, "secretaria": 7, "titulo": "Entrevistar a los responsables institucionales de la huerta sobre necesidades y expectativas.", "descripcion": "Entrevistar a los responsables institucionales de la huerta sobre necesidades y expectativas.", "responsable": 9, "fecha_inicio": "2026-03-02", "fecha_vencimiento": "2026-03-28", "estado": "En proceso", "porcentaje_avance": 1, "prioridad": "Media", "orden": 0, "fecha_creacion": "2026-03-02T17:23:25.715"}}, {"model": "tasks.tarea", "pk": 46, "fields": {"proyecto": 13, "tarea_padre": null, "etapa": null, "area": null, "secretaria": 7, "titulo": "Elaborar propuesta técnica de sensibilización pedagógica.", "descripcion": "Elaborar propuesta técnica de sensibilización pedagógica.", "responsable": 9, "fecha_inicio": "2026-03-02", "fecha_vencimiento": "2026-03-21", "estado": "En proceso", "porcentaje_avance": 1, "prioridad": "Media", "orden": 0, "fecha_creacion": "2026-03-02T17:23:58.367"}}, {"model": "tasks.tarea", "pk": 47, "fields": {"proyecto": 13, "tarea_padre": null, "etapa": null, "area": null, "secretaria": 7, "titulo": "Diseñar el plan técnico de automatización.", "descripcion": "Diseñar el plan técnico de automatización.", "responsable": 9, "fecha_inicio": "2026-03-02", "fecha_vencimiento": "2026-03-28", "estado": "En proceso", "porcentaje_avance": 1, "prioridad": "Media", "orden": 0, "fecha_creacion": "2026-03-02T17:25:47.020"}}, {"model": "tasks.tarea", "pk": 48, "fields": {"proyecto": 13, "tarea_padre": null, "etapa": null, "area": null, "secretaria": 7, "titulo": "Presupuestar componentes tecnológicos y materiales requeridos", "descripcion": "Presupuestar componentes tecnológicos y materiales requeridos", "responsable": 9, "fecha_inicio": "2026-03-02", "fecha_vencimiento": "2026-03-28", "estado": "En proceso", "porcentaje_avance": 1, "prioridad": "Media", "orden": 0, "fecha_creacion": "2026-03-02T17:26:41.998"}}, {"model": "tasks.tarea", "pk": 49, "fields": {"proyecto": 14, "tarea_padre": null, "etapa": null, "area": null, "secretaria": 7, "titulo": "Relevar cupos y perfiles solicitados en las áreas de la Agencia", "descripcion": "Relevar cupos y perfiles solicitados en las áreas de la Agencia", "responsable": 9, "fecha_inicio": "2026-03-02", "fecha_vencimiento": "2026-03-28", "estado": "En proceso", "porcentaje_avance": 1, "prioridad": "Media", "orden": 0, "fecha_creacion": "2026-03-02T17:36:54.598"}}, {"model": "tasks.tarea", "pk": 50, "fields": {"proyecto": 14, "tarea_padre": null, "etapa": null, "area": null, "secretaria": 7, "titulo": "Identificar estudiantes interesados en el Colegio Kloketen (Anexo 11).", "descripcion": "Identificar estudiantes interesados en el Colegio Kloketen (Anexo 11).", "responsable": 9, "fecha_inicio": "2026-03-02", "fecha_vencimiento": "2026-03-28", "estado": "En proceso", "porcentaje_avance": 1, "prioridad": "Media", "orden": 0, "fecha_creacion": "2026-03-02T17:37:32.058"}}, {"model": "tasks.tarea", "pk": 51, "fields": {"proyecto": 14, "tarea_padre": null, "etapa": null, "area": null, "secretaria": 7, "titulo": "Armar el programa detallado de tareas y objetivos para el pasante.", "descripcion": "Armar el programa detallado de tareas y objetivos para el pasante.", "responsable": 9, "fecha_inicio": "2026-03-02", "fecha_vencimiento": "2026-03-28", "estado": "En proceso", "porcentaje_avance": 1, "prioridad": "Media", "orden": 0, "fecha_creacion": "2026-03-02T17:38:00.156"}}, {"model": "tasks.tarea", "pk": 52, "fields": {"proyecto": 14, "tarea_padre": null, "etapa": null, "area": null, "secretaria": 7, "titulo": "Vincular los perfiles de los alumnos con la oferta formativa de Cisco", "descripcion": "Vincular los perfiles de los alumnos con la oferta formativa de Cisco", "responsable": 9, "fecha_inicio": "2026-03-02", "fecha_vencimiento": "2026-03-28", "estado": "En proceso", "porcentaje_avance": 1, "prioridad": "Media", "orden": 0, "fecha_creacion": "2026-03-02T17:38:27.499"}}, {"model": "tasks.tarea", "pk": 55, "fields": {"proyecto": 16, "tarea_padre": null, "etapa": null, "area": null, "secretaria": 7, "titulo": "Cruzar la base de datos de cursos con la oferta actual de los Polos (Azahala)", "descripcion": "Cruzar la base de datos de cursos con la oferta actual de los Polos (Azahala)", "responsable": 9, "fecha_inicio": "2026-03-02", "fecha_vencimiento": "2026-03-28", "estado": "En proceso", "porcentaje_avance": 1, "prioridad": "Media", "orden": 0, "fecha_creacion": "2026-03-02T17:45:13.811"}}, {"model": "tasks.tarea", "pk": 56, "fields": {"proyecto": 16, "tarea_padre": null, "etapa": null, "area": null, "secretaria": 7, "titulo": "Identificar contenidos para evitar superposiciones con trayectos existentes.", "descripcion": "Identificar contenidos para evitar superposiciones con trayectos existentes.", "responsable": 9, "fecha_inicio": "2026-03-02", "fecha_vencimiento": "2026-03-28", "estado": "En proceso", "porcentaje_avance": 1, "prioridad": "Media", "orden": 0, "fecha_creacion": "2026-03-02T17:45:56.765"}}, {"model": "tasks.tarea", "pk": 57, "fields": {"proyecto": 16, "tarea_padre": null, "etapa": null, "area": null, "secretaria": 7, "titulo": "Definir los trayectos formativos específicos para 2026", "descripcion": "Definir los trayectos formativos específicos para 2026", "responsable": 9, "fecha_inicio": "2026-03-02", "fecha_vencimiento": "2026-03-28", "estado": "En proceso", "porcentaje_avance": 1, "prioridad": "Media", "orden": 0, "fecha_creacion": "2026-03-02T17:47:24.134"}}, {"model": "tasks.tarea", "pk": 58, "fields": {"proyecto": 16, "tarea_padre": null, "etapa": null, "area": null, "secretaria": 7, "titulo": "Elaborar el cronograma de activación gradual para validación de Abel", "descripcion": "Elaborar el cronograma de activación gradual para validación de Abel", "responsable": 9, "fecha_inicio": "2026-03-02", "fecha_vencimiento": "2026-03-28", "estado": "En proceso", "porcentaje_avance": 1, "prioridad": "Media", "orden": 0, "fecha_creacion": "2026-03-02T17:47:57.743"}}, {"model": "tasks.tarea", "pk": 59, "fields": {"proyecto": 17, "tarea_padre": null, "etapa": null, "area": null, "secretaria": 7, "titulo": "Recopilar antecedentes, convenios previos y objetivos estratégicos.", "descripcion": "Recopilar antecedentes, convenios previos y objetivos estratégicos.", "responsable": 9, "fecha_inicio": "2026-03-02", "fecha_vencimiento": "2026-03-28", "estado": "En proceso", "porcentaje_avance": 1, "prioridad": "Media", "orden": 0, "fecha_creacion": "2026-03-02T17:52:40.149"}}, {"model": "tasks.tarea", "pk": 60, "fields": {"proyecto": 17, "tarea_padre": null, "etapa": null, "area": null, "secretaria": 7, "titulo": "Redactar el documento base del proyecto del Centro.", "descripcion": "Redactar el documento base del proyecto del Centro.", "responsable": 9, "fecha_inicio": "2026-03-02", "fecha_vencimiento": "2026-03-28", "estado": "En proceso", "porcentaje_avance": 1, "prioridad": "Media", "orden": 0, "fecha_creacion": "2026-03-02T17:53:16.484"}}, {"model": "tasks.tarea", "pk": 61, "fields": {"proyecto": 17, "tarea_padre": null, "etapa": null, "area": null, "secretaria": 7, "titulo": "Definir y convocar a los actores interinstitucionales involucrados.", "descripcion": "Definir y convocar a los actores interinstitucionales involucrados.", "responsable": 9, "fecha_inicio": "2026-03-02", "fecha_vencimiento": "2026-03-28", "estado": "En proceso", "porcentaje_avance": 1, "prioridad": "Media", "orden": 0, "fecha_creacion": "2026-03-02T17:53:44.193"}}, {"model": "tasks.tarea", "pk": 62, "fields": {"proyecto": 17, "tarea_padre": null, "etapa": null, "area": null, "secretaria": 7, "titulo": "Establecer una hoja de ruta de implementación a corto plazo.", "descripcion": "Establecer una hoja de ruta de implementación a corto plazo.", "responsable": 9, "fecha_inicio": "2026-03-02", "fecha_vencimiento": "2026-03-28", "estado": "En proceso", "porcentaje_avance": 1, "prioridad": "Media", "orden": 0, "fecha_creacion": "2026-03-02T17:54:16.492"}}, {"model": "tasks.tarea", "pk": 63, "fields": {"proyecto": 18, "tarea_padre": null, "etapa": null, "area": null, "secretaria": 7, "titulo": "Integrar formalmente al equipo de la IDE al grupo de trabajo", "descripcion": "Integrar formalmente al equipo de la IDE al grupo de trabajo", "responsable": 9, "fecha_inicio": "2026-03-02", "fecha_vencimiento": "2026-03-28", "estado": "En proceso", "porcentaje_avance": 1, "prioridad": "Media", "orden": 0, "fecha_creacion": "2026-03-02T17:59:11.867"}}, {"model": "tasks.tarea", "pk": 64, "fields": {"proyecto": 18, "tarea_padre": null, "etapa": null, "area": null, "secretaria": 7, "titulo": "Coordinar con Abel el calendario de reuniones semanales de seguimiento.", "descripcion": "Coordinar con Abel el calendario de reuniones semanales de seguimiento.", "responsable": 9, "fecha_inicio": "2026-03-02", "fecha_vencimiento": "2026-03-28", "estado": "En proceso", "porcentaje_avance": 1, "prioridad": "Media", "orden": 0, "fecha_creacion": "2026-03-02T17:59:43.620"}}, {"model": "tasks.tarea", "pk": 65, "fields": {"proyecto": 18, "tarea_padre": null, "etapa": null, "area": null, "secretaria": 7, "titulo": "Establecer plazos de entrega para el borrador del proyecto general", "descripcion": "Establecer plazos de entrega para el borrador del proyecto general", "responsable": 9, "fecha_inicio": "2026-03-02", "fecha_vencimiento": "2026-03-28", "estado": "En proceso", "porcentaje_avance": 1, "prioridad": "Media", "orden": 0, "fecha_creacion": "2026-03-02T18:00:17.203"}}, {"model": "tasks.tarea", "pk": 66, "fields": {"proyecto": 18, "tarea_padre": null, "etapa": null, "area": null, "secretaria": 7, "titulo": "Cuantificar recursos y presupuestar según requisitos de la convocatoria.", "descripcion": "Cuantificar recursos y presupuestar según requisitos de la convocatoria.", "responsable": 9, "fecha_inicio": "2026-03-02", "fecha_vencimiento": "2026-03-28", "estado": "En proceso", "porcentaje_avance": 1, "prioridad": "Media", "orden": 0, "fecha_creacion": "2026-03-02T18:00:49.153"}}, {"model": "tasks.tarea", "pk": 67, "fields": {"proyecto": 19, "tarea_padre": null, "etapa": null, "area": null, "secretaria": 7, "titulo": "Recopilar la normativa vigente y redactar la carta de intención.", "descripcion": "Recopilar la normativa vigente y redactar la carta de intención.", "responsable": 9, "fecha_inicio": "2026-03-02", "fecha_vencimiento": "2026-03-28", "estado": "En proceso", "porcentaje_avance": 1, "prioridad": "Media", "orden": 0, "fecha_creacion": "2026-03-02T18:04:38.704"}}, {"model": "tasks.tarea", "pk": 68, "fields": {"proyecto": 19, "tarea_padre": null, "etapa": null, "area": null, "secretaria": 7, "titulo": "Subir la documentación completa al sistema de expedientes electrónicos.", "descripcion": "Subir la documentación completa al sistema de expedientes electrónicos.", "responsable": 9, "fecha_inicio": "2026-03-02", "fecha_vencimiento": "2026-03-28", "estado": "En proceso", "porcentaje_avance": 1, "prioridad": "Media", "orden": 0, "fecha_creacion": "2026-03-02T18:05:09.576"}}, {"model": "tasks.tarea", "pk": 69, "fields": {"proyecto": 19, "tarea_padre": null, "etapa": null, "area": null, "secretaria": 7, "titulo": "Gestionar el pase para firma de las autoridades (Secretaría/Agencia).", "descripcion": "Gestionar el pase para firma de las autoridades (Secretaría/Agencia).", "responsable": 9, "fecha_inicio": "2026-03-02", "fecha_vencimiento": "2026-03-28", "estado": "En proceso", "porcentaje_avance": 11, "prioridad": "Media", "orden": 0, "fecha_creacion": "2026-03-02T18:05:49.969"}}, {"model": "tasks.tarea", "pk": 70, "fields": {"proyecto": 19, "tarea_padre": null, "etapa": null, "area": null, "secretaria": 7, "titulo": "Realizar seguimiento semanal del estado del expediente hasta su aprobación.", "descripcion": "Realizar seguimiento semanal del estado del expediente hasta su aprobación.", "responsable": 9, "fecha_inicio": "2026-03-02", "fecha_vencimiento": "2026-03-28", "estado": "En proceso", "porcentaje_avance": 1, "prioridad": "Media", "orden": 0, "fecha_creacion": "2026-03-02T18:06:21.730"}}, {"model": "tasks.tarea", "pk": 71, "fields": {"proyecto": 20, "tarea_padre": null, "etapa": null, "area": null, "secretaria": 7, "titulo": "Redactar el cuerpo técnico de la resolución (tarifarios/servicios).", "descripcion": "Redactar el cuerpo técnico de la resolución (tarifarios/servicios).", "responsable": 9, "fecha_inicio": "2026-03-02", "fecha_vencimiento": "2026-05-18", "estado": "En proceso", "porcentaje_avance": 1, "prioridad": "Media", "orden": 0, "fecha_creacion": "2026-03-02T18:07:58.786"}}, {"model": "tasks.tarea", "pk": 72, "fields": {"proyecto": 20, "tarea_padre": null, "etapa": null, "area": null, "secretaria": 7, "titulo": "Validar el borrador con el área legal de la Agencia.", "descripcion": "Validar el borrador con el área legal de la Agencia.", "responsable": 9, "fecha_inicio": "2026-03-02", "fecha_vencimiento": "2026-04-27", "estado": "En proceso", "porcentaje_avance": 1, "prioridad": "Media", "orden": 0, "fecha_creacion": "2026-03-02T18:08:29.789"}}, {"model": "tasks.tarea", "pk": 73, "fields": {"proyecto": 20, "tarea_padre": null, "etapa": null, "area": null, "secretaria": 7, "titulo": "Gestionar la firma de la resolución.", "descripcion": "Gestionar la firma de la resolución.", "responsable": 9, "fecha_inicio": "2026-03-02", "fecha_vencimiento": "2026-03-28", "estado": "En proceso", "porcentaje_avance": 1, "prioridad": "Media", "orden": 0, "fecha_creacion": "2026-03-02T18:09:37.507"}}, {"model": "tasks.tarea", "pk": 74, "fields": {"proyecto": 20, "tarea_padre": null, "etapa": null, "area": null, "secretaria": 7, "titulo": "Notificar formalmente a las áreas contables y administrativas.", "descripcion": "Notificar formalmente a las áreas contables y administrativas.", "responsable": 9, "fecha_inicio": "2026-03-02", "fecha_vencimiento": "2026-03-28", "estado": "En proceso", "porcentaje_avance": 1, "prioridad": "Media", "orden": 0, "fecha_creacion": "2026-03-02T18:10:07.446"}}, {"model": "tasks.tarea", "pk": 75, "fields": {"proyecto": 21, "tarea_padre": null, "etapa": null, "area": null, "secretaria": 7, "titulo": "Evaluar la viabilidad técnica y operativa de la reducción de jornada.", "descripcion": "Evaluar la viabilidad técnica y operativa de la reducción de jornada.", "responsable": 9, "fecha_inicio": "2026-03-02", "fecha_vencimiento": "2026-04-27", "estado": "En proceso", "porcentaje_avance": 1, "prioridad": "Media", "orden": 0, "fecha_creacion": "2026-03-02T18:16:10.950"}}, {"model": "tasks.tarea", "pk": 76, "fields": {"proyecto": 21, "tarea_padre": null, "etapa": null, "area": null, "secretaria": 7, "titulo": "Redactar la nota de notificación formal para Recursos Humanos.", "descripcion": "Redactar la nota de notificación formal para Recursos Humanos.", "responsable": 9, "fecha_inicio": "2026-03-02", "fecha_vencimiento": "2026-04-30", "estado": "En proceso", "porcentaje_avance": 1, "prioridad": "Media", "orden": 0, "fecha_creacion": "2026-03-02T18:17:43.365"}}, {"model": "tasks.tarea", "pk": 77, "fields": {"proyecto": 21, "tarea_padre": null, "etapa": null, "area": null, "secretaria": 7, "titulo": "Solicitar al agente la actualización de su Declaración Jurada.", "descripcion": "Solicitar al agente la actualización de su Declaración Jurada.", "responsable": 9, "fecha_inicio": "2026-03-02", "fecha_vencimiento": "2026-03-28", "estado": "En proceso", "porcentaje_avance": 1, "prioridad": "Media", "orden": 0, "fecha_creacion": "2026-03-02T18:18:13.488"}}, {"model": "tasks.tarea", "pk": 78, "fields": {"proyecto": 21, "tarea_padre": null, "etapa": null, "area": null, "secretaria": 7, "titulo": "Coordinar con liquidación de haberes el ajuste correspondiente.", "descripcion": "Coordinar con liquidación de haberes el ajuste correspondiente.", "responsable": 9, "fecha_inicio": "2026-03-02", "fecha_vencimiento": "2026-03-28", "estado": "En proceso", "porcentaje_avance": 1, "prioridad": "Media", "orden": 0, "fecha_creacion": "2026-03-02T18:18:43.368"}}, {"model": "tasks.tarea", "pk": 79, "fields": {"proyecto": 22, "tarea_padre": null, "etapa": null, "area": null, "secretaria": 7, "titulo": "Analizar la carga horaria de Archie para garantizar la cobertura de sala.", "descripcion": "Analizar la carga horaria de Archie para garantizar la cobertura de sala.", "responsable": 9, "fecha_inicio": "2026-03-02", "fecha_vencimiento": "2026-04-30", "estado": "En proceso", "porcentaje_avance": 1, "prioridad": "Media", "orden": 0, "fecha_creacion": "2026-03-02T18:21:15.528"}}, {"model": "tasks.tarea", "pk": 80, "fields": {"proyecto": 22, "tarea_padre": null, "etapa": null, "area": null, "secretaria": 7, "titulo": "Cotejar esquemas con la normativa vigente y los horarios de Gaby en Drive.", "descripcion": "Cotejar esquemas con la normativa vigente y los horarios de Gaby en Drive.", "responsable": 9, "fecha_inicio": "2026-03-02", "fecha_vencimiento": "2026-04-04", "estado": "En proceso", "porcentaje_avance": 1, "prioridad": "Media", "orden": 0, "fecha_creacion": "2026-03-02T18:21:51.366"}}, {"model": "tasks.tarea", "pk": 81, "fields": {"proyecto": 22, "tarea_padre": null, "etapa": null, "area": null, "secretaria": 7, "titulo": "Definir el nuevo cuadro de rotación de personal.", "descripcion": "Definir el nuevo cuadro de rotación de personal.", "responsable": 9, "fecha_inicio": "2026-03-02", "fecha_vencimiento": "2026-03-28", "estado": "En proceso", "porcentaje_avance": 1, "prioridad": "Media", "orden": 0, "fecha_creacion": "2026-03-02T18:22:16.700"}}, {"model": "tasks.tarea", "pk": 82, "fields": {"proyecto": 22, "tarea_padre": null, "etapa": null, "area": null, "secretaria": 7, "titulo": "Notificar el esquema final a los agentes involucrados.", "descripcion": "Notificar el esquema final a los agentes involucrados.", "responsable": 9, "fecha_inicio": "2026-03-02", "fecha_vencimiento": "2026-03-28", "estado": "En proceso", "porcentaje_avance": 1, "prioridad": "Media", "orden": 0, "fecha_creacion": "2026-03-02T18:22:41.886"}}, {"model": "tasks.tarea", "pk": 83, "fields": {"proyecto": 24, "tarea_padre": null, "etapa": null, "area": null, "secretaria": 7, "titulo": "Evaluar técnica y funcionalmente la plataforma de inscripción de Polos.", "descripcion": "Evaluar técnica y funcionalmente la plataforma de inscripción de Polos.", "responsable": 9, "fecha_inicio": "2026-03-02", "fecha_vencimiento": "2026-03-28", "estado": "En proceso", "porcentaje_avance": 1, "prioridad": "Media", "orden": 0, "fecha_creacion": "2026-03-02T18:52:56.213"}}, {"model": "tasks.tarea", "pk": 84, "fields": {"proyecto": 24, "tarea_padre": null, "etapa": null, "area": null, "secretaria": 7, "titulo": "Determinar si es posible integrar módulos de foros y seguimiento.", "descripcion": "Determinar si es posible integrar módulos de foros y seguimiento.", "responsable": 9, "fecha_inicio": "2026-03-02", "fecha_vencimiento": "2026-03-28", "estado": "En proceso", "porcentaje_avance": 1, "prioridad": "Media", "orden": 0, "fecha_creacion": "2026-03-02T18:53:27.294"}}, {"model": "tasks.tarea", "pk": 85, "fields": {"proyecto": 24, "tarea_padre": null, "etapa": null, "area": null, "secretaria": 7, "titulo": "Gestionar, de ser necesario, acceso urgente al Campus Moodle existente.", "descripcion": "Gestionar, de ser necesario, acceso urgente al Campus Moodle existente.", "responsable": 9, "fecha_inicio": "2026-03-02", "fecha_vencimiento": "2026-03-28", "estado": "En proceso", "porcentaje_avance": 1, "prioridad": "Media", "orden": 0, "fecha_creacion": "2026-03-02T18:53:55.074"}}, {"model": "tasks.tarea", "pk": 86, "fields": {"proyecto": 24, "tarea_padre": null, "etapa": null, "area": null, "secretaria": 7, "titulo": "Configurar el sistema de matriculación y seguimiento de alumnos.", "descripcion": "Configurar el sistema de matriculación y seguimiento de alumnos.", "responsable": 9, "fecha_inicio": "2026-03-02", "fecha_vencimiento": "2026-03-28", "estado": "En proceso", "porcentaje_avance": 1, "prioridad": "Media", "orden": 0, "fecha_creacion": "2026-03-02T18:54:24.225"}}, {"model": "tasks.tarea", "pk": 87, "fields": {"proyecto": 25, "tarea_padre": null, "etapa": null, "area": null, "secretaria": 7, "titulo": "Realizar la revisión técnica final y dar cierre al TDR redactado.", "descripcion": "Realizar la revisión técnica final y dar cierre al TDR redactado.", "responsable": 9, "fecha_inicio": "2026-03-02", "fecha_vencimiento": "2026-03-28", "estado": "En proceso", "porcentaje_avance": 1, "prioridad": "Media", "orden": 0, "fecha_creacion": "2026-03-02T18:56:42.071"}}, {"model": "tasks.tarea", "pk": 88, "fields": {"proyecto": 25, "tarea_padre": null, "etapa": null, "area": null, "secretaria": 7, "titulo": "Iniciar el circuito administrativo para la contratación/licitación.", "descripcion": "Iniciar el circuito administrativo para la contratación/licitación.", "responsable": 9, "fecha_inicio": "2026-03-02", "fecha_vencimiento": "2026-03-28", "estado": "En proceso", "porcentaje_avance": 1, "prioridad": "Media", "orden": 0, "fecha_creacion": "2026-03-02T18:57:10.424"}}, {"model": "tasks.tarea", "pk": 89, "fields": {"proyecto": 25, "tarea_padre": null, "etapa": null, "area": null, "secretaria": 7, "titulo": "Estructurar y cargar los contenidos específicos en la plataforma virtual.", "descripcion": "Estructurar y cargar los contenidos específicos en la plataforma virtual.", "responsable": 9, "fecha_inicio": "2026-03-02", "fecha_vencimiento": "2026-03-28", "estado": "En proceso", "porcentaje_avance": 1, "prioridad": "Media", "orden": 0, "fecha_creacion": "2026-03-02T18:57:39.920"}}, {"model": "tasks.tarea", "pk": 90, "fields": {"proyecto": 26, "tarea_padre": null, "etapa": null, "area": null, "secretaria": 7, "titulo": "Revisar el estado del borrador enviado a la contraparte (Fernanda).", "descripcion": "Revisar el estado del borrador enviado a la contraparte (Fernanda).", "responsable": 9, "fecha_inicio": "2026-03-02", "fecha_vencimiento": "2026-03-28", "estado": "En proceso", "porcentaje_avance": 1, "prioridad": "Media", "orden": 0, "fecha_creacion": "2026-03-02T18:59:19.700"}}, {"model": "tasks.tarea", "pk": 91, "fields": {"proyecto": 26, "tarea_padre": null, "etapa": null, "area": null, "secretaria": 7, "titulo": "Solicitar formalmente los aportes técnicos de Educación.", "descripcion": "Solicitar formalmente los aportes técnicos de Educación.", "responsable": 9, "fecha_inicio": "2026-03-02", "fecha_vencimiento": "2026-03-28", "estado": "En proceso", "porcentaje_avance": 1, "prioridad": "Media", "orden": 0, "fecha_creacion": "2026-03-02T18:59:57.100"}}, {"model": "tasks.tarea", "pk": 92, "fields": {"proyecto": 26, "tarea_padre": null, "etapa": null, "area": null, "secretaria": 7, "titulo": "Elevar por urgencia si no hay respuesta en plazos establecidos.", "descripcion": "Elevar por urgencia si no hay respuesta en plazos establecidos.", "responsable": 9, "fecha_inicio": "2026-03-02", "fecha_vencimiento": "2026-03-28", "estado": "En proceso", "porcentaje_avance": 1, "prioridad": "Media", "orden": 0, "fecha_creacion": "2026-03-02T19:00:23.358"}}, {"model": "tasks.tarea", "pk": 93, "fields": {"proyecto": 26, "tarea_padre": null, "etapa": null, "area": null, "secretaria": 7, "titulo": "Coordinar la logística para la firma protocolar del convenio.", "descripcion": "Coordinar la logística para la firma protocolar del convenio.", "responsable": 9, "fecha_inicio": "2026-03-02", "fecha_vencimiento": "2026-03-28", "estado": "En proceso", "porcentaje_avance": 1, "prioridad": "Media", "orden": 0, "fecha_creacion": "2026-03-02T19:00:54.001"}}, {"model": "tasks.tarea", "pk": 94, "fields": {"proyecto": 28, "tarea_padre": null, "etapa": null, "area": null, "secretaria": 7, "titulo": "Definir el eje temático y los objetivos centrales del evento.", "descripcion": "Definir el eje temático y los objetivos centrales del evento.", "responsable": 9, "fecha_inicio": "2026-03-02", "fecha_vencimiento": "2026-03-28", "estado": "En proceso", "porcentaje_avance": 1, "prioridad": "Media", "orden": 0, "fecha_creacion": "2026-03-02T19:04:58.707"}}, {"model": "tasks.tarea", "pk": 95, "fields": {"proyecto": 28, "tarea_padre": null, "etapa": null, "area": null, "secretaria": 7, "titulo": "Mapear y contactar a disertantes, actores externos y patrocinadores.", "descripcion": "Mapear y contactar a disertantes, actores externos y patrocinadores.", "responsable": 9, "fecha_inicio": "2026-03-02", "fecha_vencimiento": "2026-03-28", "estado": "En proceso", "porcentaje_avance": 1, "prioridad": "Media", "orden": 0, "fecha_creacion": "2026-03-02T19:05:34.516"}}, {"model": "tasks.tarea", "pk": 96, "fields": {"proyecto": 28, "tarea_padre": null, "etapa": null, "area": null, "secretaria": 7, "titulo": "Elaborar el presupuesto detallado (logística, locación, técnica).", "descripcion": "Elaborar el presupuesto detallado (logística, locación, técnica).", "responsable": 9, "fecha_inicio": "2026-03-02", "fecha_vencimiento": "2026-03-28", "estado": "En proceso", "porcentaje_avance": 1, "prioridad": "Media", "orden": 0, "fecha_creacion": "2026-03-02T19:06:04.227"}}, {"model": "tasks.tarea", "pk": 97, "fields": {"proyecto": 28, "tarea_padre": null, "etapa": null, "area": null, "secretaria": 7, "titulo": "Incorporar la fecha oficial en la agenda institucional y de la Agencia.", "descripcion": "Incorporar la fecha oficial en la agenda institucional y de la Agencia.", "responsable": 9, "fecha_inicio": "2026-03-02", "fecha_vencimiento": "2026-03-28", "estado": "En proceso", "porcentaje_avance": 1, "prioridad": "Media", "orden": 0, "fecha_creacion": "2026-03-02T19:06:33.773"}}, {"model": "tasks.tarea", "pk": 98, "fields": {"proyecto": 29, "tarea_padre": null, "etapa": null, "area": null, "secretaria": 7, "titulo": "Elaborar propuesta de actualización para perfiles de RRHH y Administración.", "descripcion": "Elaborar propuesta de actualización para perfiles de RRHH y Administración.", "responsable": 9, "fecha_inicio": "2026-03-02", "fecha_vencimiento": "2026-03-28", "estado": "En proceso", "porcentaje_avance": 1, "prioridad": "Media", "orden": 0, "fecha_creacion": "2026-03-02T19:08:03.673"}}, {"model": "tasks.tarea", "pk": 99, "fields": {"proyecto": 29, "tarea_padre": null, "etapa": null, "area": null, "secretaria": 7, "titulo": "Relevar necesidades de formación tecnológica del cuerpo docente IPAP.", "descripcion": "Relevar necesidades de formación tecnológica del cuerpo docente IPAP.", "responsable": 9, "fecha_inicio": "2026-03-02", "fecha_vencimiento": "2026-03-28", "estado": "En proceso", "porcentaje_avance": 1, "prioridad": "Media", "orden": 0, "fecha_creacion": "2026-03-02T19:08:35.132"}}, {"model": "tasks.tarea", "pk": 100, "fields": {"proyecto": 29, "tarea_padre": null, "etapa": null, "area": null, "secretaria": 7, "titulo": "Analizar la factibilidad jurídica de un convenio específico Agencia-IPAP.", "descripcion": "Analizar la factibilidad jurídica de un convenio específico Agencia-IPAP.", "responsable": 9, "fecha_inicio": "2026-03-02", "fecha_vencimiento": "2026-03-28", "estado": "En proceso", "porcentaje_avance": 1, "prioridad": "Media", "orden": 0, "fecha_creacion": "2026-03-02T19:09:01.685"}}, {"model": "tasks.tarea", "pk": 101, "fields": {"proyecto": 30, "tarea_padre": null, "etapa": null, "area": null, "secretaria": 7, "titulo": "Identificar instituciones para prácticas de Desarrollo Web fuera del Martes.", "descripcion": "Identificar instituciones para prácticas de Desarrollo Web fuera del Martes.", "responsable": 9, "fecha_inicio": "2026-03-02", "fecha_vencimiento": "2026-03-28", "estado": "En proceso", "porcentaje_avance": 1, "prioridad": "Media", "orden": 0, "fecha_creacion": "2026-03-02T19:11:11.614"}}, {"model": "tasks.tarea", "pk": 102, "fields": {"proyecto": 30, "tarea_padre": null, "etapa": null, "area": null, "secretaria": 7, "titulo": "Analizar perfiles de Técnico Superior que requieran plazas de práctica.", "descripcion": "Analizar perfiles de Técnico Superior que requieran plazas de práctica.", "responsable": 9, "fecha_inicio": "2026-03-02", "fecha_vencimiento": "2026-03-28", "estado": "En proceso", "porcentaje_avance": 1, "prioridad": "Media", "orden": 0, "fecha_creacion": "2026-03-02T19:11:38.494"}}, {"model": "tasks.tarea", "pk": 103, "fields": {"proyecto": 30, "tarea_padre": null, "etapa": null, "area": null, "secretaria": 7, "titulo": "Validar con Supervisión de Educación Superior la viabilidad de las plazas.", "descripcion": "Validar con Supervisión de Educación Superior la viabilidad de las plazas.", "responsable": 9, "fecha_inicio": "2026-03-02", "fecha_vencimiento": "2026-03-28", "estado": "En proceso", "porcentaje_avance": 1, "prioridad": "Media", "orden": 0, "fecha_creacion": "2026-03-02T19:12:07.940"}}, {"model": "tasks.tarea", "pk": 104, "fields": {"proyecto": 31, "tarea_padre": null, "etapa": null, "area": null, "secretaria": 7, "titulo": "Revisar el cronograma de ejecución y plazos de presentación formal.", "descripcion": "Revisar el cronograma de ejecución y plazos de presentación formal.", "responsable": 9, "fecha_inicio": "2026-03-02", "fecha_vencimiento": "2026-03-28", "estado": "En proceso", "porcentaje_avance": 1, "prioridad": "Media", "orden": 0, "fecha_creacion": "2026-03-02T19:16:13.506"}}, {"model": "tasks.tarea", "pk": 105, "fields": {"proyecto": 31, "tarea_padre": null, "etapa": null, "area": null, "secretaria": 7, "titulo": "Coordinar con la Unidad de Contrataciones el seguimiento del expediente.", "descripcion": "Coordinar con la Unidad de Contrataciones el seguimiento del expediente.", "responsable": 9, "fecha_inicio": "2026-03-02", "fecha_vencimiento": "2026-03-28", "estado": "En proceso", "porcentaje_avance": 1, "prioridad": "Media", "orden": 0, "fecha_creacion": "2026-03-02T19:16:46.429"}}, {"model": "tasks.tarea", "pk": 106, "fields": {"proyecto": 31, "tarea_padre": null, "etapa": null, "area": null, "secretaria": 7, "titulo": "Designar a los responsables técnicos para la certificación de hitos.", "descripcion": "Designar a los responsables técnicos para la certificación de hitos.", "responsable": 9, "fecha_inicio": "2026-03-02", "fecha_vencimiento": "2026-03-28", "estado": "En proceso", "porcentaje_avance": 1, "prioridad": "Media", "orden": 0, "fecha_creacion": "2026-03-02T19:17:15.392"}}, {"model": "tasks.tarea", "pk": 107, "fields": {"proyecto": 32, "tarea_padre": null, "etapa": null, "area": null, "secretaria": 7, "titulo": "Diseñar la actividad central (Soberanía + Ciencia) de la Agencia.", "descripcion": "Diseñar la actividad central (Soberanía + Ciencia) de la Agencia.", "responsable": 9, "fecha_inicio": "2026-03-02", "fecha_vencimiento": "2026-04-24", "estado": "En proceso", "porcentaje_avance": 1, "prioridad": "Media", "orden": 0, "fecha_creacion": "2026-03-02T19:19:01.061"}}, {"model": "tasks.tarea", "pk": 108, "fields": {"proyecto": 32, "tarea_padre": null, "etapa": null, "area": null, "secretaria": 7, "titulo": "Cargar el cronograma detallado de acciones en el Drive compartido.", "descripcion": "Cargar el cronograma detallado de acciones en el Drive compartido.", "responsable": 9, "fecha_inicio": "2026-03-02", "fecha_vencimiento": "2026-03-28", "estado": "En proceso", "porcentaje_avance": 1, "prioridad": "Media", "orden": 0, "fecha_creacion": "2026-03-02T19:20:34.388"}}, {"model": "tasks.tarea", "pk": 109, "fields": {"proyecto": 32, "tarea_padre": null, "etapa": null, "area": null, "secretaria": 7, "titulo": "Coordinar con Prensa la difusión de las actividades programadas.", "descripcion": "Coordinar con Prensa la difusión de las actividades programadas.", "responsable": 9, "fecha_inicio": "2026-03-02", "fecha_vencimiento": "2026-03-28", "estado": "En proceso", "porcentaje_avance": 1, "prioridad": "Media", "orden": 0, "fecha_creacion": "2026-03-02T19:21:15.062"}}, {"model": "tasks.tarea", "pk": 110, "fields": {"proyecto": 33, "tarea_padre": null, "etapa": null, "area": null, "secretaria": 7, "titulo": "Diseñar el calendario de actividades de la Agencia para toda la semana.", "descripcion": "Diseñar el calendario de actividades de la Agencia para toda la semana.", "responsable": 9, "fecha_inicio": "2026-03-02", "fecha_vencimiento": "2026-03-28", "estado": "En proceso", "porcentaje_avance": 1, "prioridad": "Media", "orden": 0, "fecha_creacion": "2026-03-02T19:23:45.082"}}, {"model": "tasks.tarea", "pk": 111, "fields": {"proyecto": 33, "tarea_padre": null, "etapa": null, "area": null, "secretaria": 7, "titulo": "Convocar a otras Secretarías para integrar propuestas transversales.", "descripcion": "Convocar a otras Secretarías para integrar propuestas transversales.", "responsable": 9, "fecha_inicio": "2026-03-02", "fecha_vencimiento": "2026-03-28", "estado": "En proceso", "porcentaje_avance": 1, "prioridad": "Media", "orden": 0, "fecha_creacion": "2026-03-02T19:24:13.935"}}, {"model": "tasks.tarea", "pk": 112, "fields": {"proyecto": 33, "tarea_padre": null, "etapa": null, "area": null, "secretaria": 7, "titulo": "Cargar el calendario final en la agenda mensual para evitar solapamientos.", "descripcion": "Cargar el calendario final en la agenda mensual para evitar solapamientos.", "responsable": 9, "fecha_inicio": "2026-03-02", "fecha_vencimiento": "2026-03-28", "estado": "En proceso", "porcentaje_avance": 1, "prioridad": "Media", "orden": 0, "fecha_creacion": "2026-03-02T19:24:45.422"}}, {"model": "tasks.tarea", "pk": 113, "fields": {"proyecto": 34, "tarea_padre": null, "etapa": null, "area": null, "secretaria": 7, "titulo": "Analizar el rol y compromisos de la Agencia en el borrador (Maru/Emiliano).", "descripcion": "Analizar el rol y compromisos de la Agencia en el borrador (Maru/Emiliano).", "responsable": 9, "fecha_inicio": "2026-03-02", "fecha_vencimiento": "2026-03-28", "estado": "En proceso", "porcentaje_avance": 1, "prioridad": "Media", "orden": 0, "fecha_creacion": "2026-03-02T19:26:15.592"}}, {"model": "tasks.tarea", "pk": 114, "fields": {"proyecto": 34, "tarea_padre": null, "etapa": null, "area": null, "secretaria": 7, "titulo": "Segmentar los grupos de difusión (especialmente Colegio Martes).", "descripcion": "Segmentar los grupos de difusión (especialmente Colegio Martes).", "responsable": 9, "fecha_inicio": "2026-03-02", "fecha_vencimiento": "2026-03-28", "estado": "En proceso", "porcentaje_avance": 1, "prioridad": "Media", "orden": 0, "fecha_creacion": "2026-03-02T19:26:43.637"}}, {"model": "tasks.tarea", "pk": 115, "fields": {"proyecto": 34, "tarea_padre": null, "etapa": null, "area": null, "secretaria": 7, "titulo": "Solicitar a Jala el temario técnico del cursillo de admisión.", "descripcion": "Solicitar a Jala el temario técnico del cursillo de admisión.", "responsable": 9, "fecha_inicio": "2026-03-02", "fecha_vencimiento": "2026-03-28", "estado": "En proceso", "porcentaje_avance": 1, "prioridad": "Media", "orden": 0, "fecha_creacion": "2026-03-02T19:27:12.005"}}, {"model": "tasks.tarea", "pk": 116, "fields": {"proyecto": 34, "tarea_padre": null, "etapa": null, "area": null, "secretaria": 7, "titulo": "Diseñar programa de tutoría/acompañamiento para los postulantes.", "descripcion": "Diseñar programa de tutoría/acompañamiento para los postulantes.", "responsable": 9, "fecha_inicio": "2026-03-02", "fecha_vencimiento": "2026-03-28", "estado": "En proceso", "porcentaje_avance": 1, "prioridad": "Media", "orden": 0, "fecha_creacion": "2026-03-02T19:27:41.323"}}, {"model": "tasks.tarea", "pk": 117, "fields": {"proyecto": 35, "tarea_padre": null, "etapa": null, "area": null, "secretaria": 7, "titulo": "Gestionar el diseño y la impresión del banner para el aula en Tolhuin.", "descripcion": "Gestionar el diseño y la impresión del banner para el aula en Tolhuin.", "responsable": 9, "fecha_inicio": "2026-03-02", "fecha_vencimiento": "2026-03-28", "estado": "Pendiente", "porcentaje_avance": 1, "prioridad": "Media", "orden": 0, "fecha_creacion": "2026-03-02T19:29:02.601"}}, {"model": "tasks.tarea", "pk": 118, "fields": {"proyecto": 35, "tarea_padre": null, "etapa": null, "area": null, "secretaria": 7, "titulo": "Definir el cronograma de apertura del espacio a la comunidad.", "descripcion": "Definir el cronograma de apertura del espacio a la comunidad.", "responsable": 9, "fecha_inicio": "2026-03-02", "fecha_vencimiento": "2026-03-28", "estado": "En proceso", "porcentaje_avance": 1, "prioridad": "Media", "orden": 0, "fecha_creacion": "2026-03-02T19:29:46.115"}}, {"model": "tasks.tarea", "pk": 119, "fields": {"proyecto": 35, "tarea_padre": null, "etapa": null, "area": null, "secretaria": 7, "titulo": "Seleccionar las sesiones de Malvinas que actuarán como eje expositivo.", "descripcion": "Seleccionar las sesiones de Malvinas que actuarán como eje expositivo.", "responsable": 9, "fecha_inicio": "2026-03-02", "fecha_vencimiento": "2026-03-28", "estado": "En proceso", "porcentaje_avance": 1, "prioridad": "Media", "orden": 0, "fecha_creacion": "2026-03-02T19:30:12.839"}}, {"model": "tasks.tarea", "pk": 120, "fields": {"proyecto": 36, "tarea_padre": null, "etapa": null, "area": null, "secretaria": 7, "titulo": "Incorporar los ajustes técnicos surgidos de la reunión presencial al TDR.", "descripcion": "Incorporar los ajustes técnicos surgidos de la reunión presencial al TDR.", "responsable": 9, "fecha_inicio": "2026-03-02", "fecha_vencimiento": "2026-03-28", "estado": "En proceso", "porcentaje_avance": 1, "prioridad": "Media", "orden": 0, "fecha_creacion": "2026-03-02T19:34:10.444"}}, {"model": "tasks.tarea", "pk": 121, "fields": {"proyecto": 36, "tarea_padre": null, "etapa": null, "area": null, "secretaria": 7, "titulo": "Finalizar el presupuesto detallado y el cronograma de ejecución", "descripcion": "Finalizar el presupuesto detallado y el cronograma de ejecución", "responsable": 9, "fecha_inicio": "2026-03-02", "fecha_vencimiento": "2026-03-28", "estado": "En proceso", "porcentaje_avance": 1, "prioridad": "Media", "orden": 0, "fecha_creacion": "2026-03-02T19:34:40.967"}}, {"model": "tasks.tarea", "pk": 122, "fields": {"proyecto": 36, "tarea_padre": null, "etapa": null, "area": null, "secretaria": 7, "titulo": "Coordinar las pruebas de campo con alumnos del trayecto Quimiceros.", "descripcion": "Coordinar las pruebas de campo con alumnos del trayecto Quimiceros.", "responsable": 9, "fecha_inicio": "2026-03-02", "fecha_vencimiento": "2026-03-28", "estado": "En proceso", "porcentaje_avance": 1, "prioridad": "Media", "orden": 0, "fecha_creacion": "2026-03-02T19:35:16.674"}}, {"model": "tasks.tarea", "pk": 123, "fields": {"proyecto": 37, "tarea_padre": null, "etapa": null, "area": null, "secretaria": 7, "titulo": "Verificar con Ema el alta efectiva de usuarios en la plataforma UNA.", "descripcion": "Verificar con Ema el alta efectiva de usuarios en la plataforma UNA.", "responsable": 9, "fecha_inicio": "2026-03-02", "fecha_vencimiento": "2026-03-28", "estado": "En proceso", "porcentaje_avance": 1, "prioridad": "Media", "orden": 0, "fecha_creacion": "2026-03-02T19:37:14.417"}}, {"model": "tasks.tarea", "pk": 124, "fields": {"proyecto": 37, "tarea_padre": null, "etapa": null, "area": null, "secretaria": 7, "titulo": "Requerir a Mariel Navarro el informe actualizado de proyectos pendientes.", "descripcion": "Requerir a Mariel Navarro el informe actualizado de proyectos pendientes.", "responsable": 9, "fecha_inicio": "2026-03-02", "fecha_vencimiento": "2026-03-28", "estado": "En proceso", "porcentaje_avance": 1, "prioridad": "Media", "orden": 0, "fecha_creacion": "2026-03-02T19:37:44.642"}}, {"model": "tasks.tarea", "pk": 125, "fields": {"proyecto": 37, "tarea_padre": null, "etapa": null, "area": null, "secretaria": 7, "titulo": "Designar al responsable operativo del seguimiento administrativo semanal.", "descripcion": "Designar al responsable operativo del seguimiento administrativo semanal.", "responsable": 9, "fecha_inicio": "2026-03-02", "fecha_vencimiento": "2026-03-28", "estado": "En proceso", "porcentaje_avance": 1, "prioridad": "Media", "orden": 0, "fecha_creacion": "2026-03-02T19:38:15.671"}}, {"model": "tasks.tarea", "pk": 126, "fields": {"proyecto": 38, "tarea_padre": null, "etapa": null, "area": null, "secretaria": 7, "titulo": "Definir los campos y variables estandarizadas para la carga de datos.", "descripcion": "Definir los campos y variables estandarizadas para la carga de datos.", "responsable": 9, "fecha_inicio": "2026-03-02", "fecha_vencimiento": "2026-03-28", "estado": "En proceso", "porcentaje_avance": 1, "prioridad": "Media", "orden": 0, "fecha_creacion": "2026-03-02T19:39:53.103"}}, {"model": "tasks.tarea", "pk": 127, "fields": {"proyecto": 38, "tarea_padre": null, "etapa": null, "area": null, "secretaria": 7, "titulo": "Validar el prototipo funcional de la aplicación con el equipo de gestión.", "descripcion": "Validar el prototipo funcional de la aplicación con el equipo de gestión.", "responsable": 9, "fecha_inicio": "2026-03-02", "fecha_vencimiento": "2026-03-28", "estado": "En proceso", "porcentaje_avance": 1, "prioridad": "Media", "orden": 0, "fecha_creacion": "2026-03-02T19:40:22.682"}}, {"model": "tasks.tarea", "pk": 128, "fields": {"proyecto": 38, "tarea_padre": null, "etapa": null, "area": null, "secretaria": 7, "titulo": "Realizar la migración de datos desde los archivos Excel dispersos.", "descripcion": "Realizar la migración de datos desde los archivos Excel dispersos.", "responsable": 9, "fecha_inicio": "2026-03-02", "fecha_vencimiento": "2026-03-28", "estado": "En proceso", "porcentaje_avance": 1, "prioridad": "Media", "orden": 0, "fecha_creacion": "2026-03-02T19:41:12.726"}}, {"model": "tasks.tarea", "pk": 129, "fields": {"proyecto": 39, "tarea_padre": null, "etapa": null, "area": null, "secretaria": 7, "titulo": "Revisar la articulación normativa bajo Resolución CFE 308/2016.", "descripcion": "Revisar la articulación normativa bajo Resolución CFE 308/2016.", "responsable": 9, "fecha_inicio": "2026-03-02", "fecha_vencimiento": "2026-03-28", "estado": "En proceso", "porcentaje_avance": 1, "prioridad": "Media", "orden": 0, "fecha_creacion": "2026-03-02T19:42:43.334"}}, {"model": "tasks.tarea", "pk": 130, "fields": {"proyecto": 39, "tarea_padre": null, "etapa": null, "area": null, "secretaria": 7, "titulo": "Coordinar con el agente capacitador el plan de seguimiento escolar.", "descripcion": "Coordinar con el agente capacitador el plan de seguimiento escolar.", "responsable": 9, "fecha_inicio": "2026-03-02", "fecha_vencimiento": "2026-03-28", "estado": "En proceso", "porcentaje_avance": 1, "prioridad": "Media", "orden": 0, "fecha_creacion": "2026-03-02T19:43:13.356"}}, {"model": "tasks.tarea", "pk": 131, "fields": {"proyecto": 39, "tarea_padre": null, "etapa": null, "area": null, "secretaria": 7, "titulo": "Completar la escritura del proyecto final en el Drive compartido.", "descripcion": "Completar la escritura del proyecto final en el Drive compartido.", "responsable": 9, "fecha_inicio": "2026-03-02", "fecha_vencimiento": "2026-03-28", "estado": "En proceso", "porcentaje_avance": 1, "prioridad": "Media", "orden": 0, "fecha_creacion": "2026-03-02T19:43:41.112"}}, {"model": "tasks.tarea", "pk": 132, "fields": {"proyecto": 40, "tarea_padre": null, "etapa": null, "area": null, "secretaria": 7, "titulo": "Diseñar el programa formativo orientado a Inteligencia Artificial.", "descripcion": "Diseñar el programa formativo orientado a Inteligencia Artificial.", "responsable": 9, "fecha_inicio": "2026-03-02", "fecha_vencimiento": "2026-03-28", "estado": "En proceso", "porcentaje_avance": 1, "prioridad": "Media", "orden": 0, "fecha_creacion": "2026-03-02T19:44:59.421"}}, {"model": "tasks.tarea", "pk": 133, "fields": {"proyecto": 40, "tarea_padre": null, "etapa": null, "area": null, "secretaria": 7, "titulo": "Definir modalidad (híbrida), carga horaria y cronograma de clases.", "descripcion": "Definir modalidad (híbrida), carga horaria y cronograma de clases.", "responsable": 9, "fecha_inicio": "2026-03-02", "fecha_vencimiento": "2026-03-28", "estado": "En proceso", "porcentaje_avance": 1, "prioridad": "Media", "orden": 0, "fecha_creacion": "2026-03-02T19:45:35.342"}}, {"model": "tasks.tarea", "pk": 134, "fields": {"proyecto": 40, "tarea_padre": null, "etapa": null, "area": null, "secretaria": 7, "titulo": "Elaborar el kit de materiales pedagógicos para la réplica institucional.", "descripcion": "Elaborar el kit de materiales pedagógicos para la réplica institucional.", "responsable": 9, "fecha_inicio": "2026-03-02", "fecha_vencimiento": "2026-03-28", "estado": "En proceso", "porcentaje_avance": 1, "prioridad": "Media", "orden": 0, "fecha_creacion": "2026-03-02T19:46:01.626"}}, {"model": "tasks.tarea", "pk": 135, "fields": {"proyecto": 41, "tarea_padre": null, "etapa": null, "area": null, "secretaria": 7, "titulo": "Actualizar el borrador del plan provincial integrando nuevas directrices.", "descripcion": "Actualizar el borrador del plan provincial integrando nuevas directrices.", "responsable": 9, "fecha_inicio": "2026-03-02", "fecha_vencimiento": "2026-03-28", "estado": "En proceso", "porcentaje_avance": 1, "prioridad": "Media", "orden": 0, "fecha_creacion": "2026-03-02T19:48:00.722"}}, {"model": "tasks.tarea", "pk": 136, "fields": {"proyecto": 41, "tarea_padre": null, "etapa": null, "area": null, "secretaria": 7, "titulo": "Definir la participación de Industrias Culturales y la Bolsa de Talento.", "descripcion": "Definir la participación de Industrias Culturales y la Bolsa de Talento.", "responsable": 9, "fecha_inicio": "2026-03-02", "fecha_vencimiento": "2026-03-28", "estado": "En proceso", "porcentaje_avance": 1, "prioridad": "Media", "orden": 0, "fecha_creacion": "2026-03-02T19:48:35.470"}}, {"model": "tasks.tarea", "pk": 137, "fields": {"proyecto": 41, "tarea_padre": null, "etapa": null, "area": null, "secretaria": 7, "titulo": "Coordinar reunión de vinculación con \"Punto\" y docente de biomateriales.", "descripcion": "Coordinar reunión de vinculación con \"Punto\" y docente de biomateriales.", "responsable": 9, "fecha_inicio": "2026-03-02", "fecha_vencimiento": "2026-03-28", "estado": "En proceso", "porcentaje_avance": 1, "prioridad": "Media", "orden": 0, "fecha_creacion": "2026-03-02T19:49:02.646"}}, {"model": "tasks.tarea", "pk": 138, "fields": {"proyecto": 42, "tarea_padre": null, "etapa": null, "area": null, "secretaria": 7, "titulo": "Evaluar técnicamente la propuesta integral enviada por Estefi.", "descripcion": "Evaluar técnicamente la propuesta integral enviada por Estefi.", "responsable": 9, "fecha_inicio": "2026-03-02", "fecha_vencimiento": "2026-03-28", "estado": "En proceso", "porcentaje_avance": 1, "prioridad": "Media", "orden": 0, "fecha_creacion": "2026-03-02T19:50:29.342"}}, {"model": "tasks.tarea", "pk": 139, "fields": {"proyecto": 42, "tarea_padre": null, "etapa": null, "area": null, "secretaria": 7, "titulo": "Validar los diseños pedagógicos de las bitácoras y diarios de campo.", "descripcion": "Validar los diseños pedagógicos de las bitácoras y diarios de campo.", "responsable": 9, "fecha_inicio": "2026-03-02", "fecha_vencimiento": "2026-03-28", "estado": "En proceso", "porcentaje_avance": 1, "prioridad": "Media", "orden": 0, "fecha_creacion": "2026-03-02T19:50:53.833"}}, {"model": "tasks.tarea", "pk": 140, "fields": {"proyecto": 42, "tarea_padre": null, "etapa": null, "area": null, "secretaria": 7, "titulo": "Gestionar con la diseñadora de IPAP la impresión de las versiones 2026.", "descripcion": "Gestionar con la diseñadora de IPAP la impresión de las versiones 2026.", "responsable": 9, "fecha_inicio": "2026-03-02", "fecha_vencimiento": "2026-03-28", "estado": "En proceso", "porcentaje_avance": 1, "prioridad": "Media", "orden": 0, "fecha_creacion": "2026-03-02T19:51:20.136"}}, {"model": "tasks.tarea", "pk": 141, "fields": {"proyecto": 43, "tarea_padre": null, "etapa": null, "area": null, "secretaria": 7, "titulo": "Establecer los ejes temáticos y la línea editorial de la temporada 2026.", "descripcion": "Establecer los ejes temáticos y la línea editorial de la temporada 2026.", "responsable": 9, "fecha_inicio": "2026-03-02", "fecha_vencimiento": "2026-03-28", "estado": "En proceso", "porcentaje_avance": 1, "prioridad": "Media", "orden": 0, "fecha_creacion": "2026-03-02T19:52:36.892"}}, {"model": "tasks.tarea", "pk": 142, "fields": {"proyecto": 43, "tarea_padre": null, "etapa": null, "area": null, "secretaria": 7, "titulo": "Coordinar con Laura el cronograma de rodaje, locaciones y técnica.", "descripcion": "Coordinar con Laura el cronograma de rodaje, locaciones y técnica.", "responsable": 9, "fecha_inicio": "2026-03-02", "fecha_vencimiento": "2026-03-28", "estado": "En proceso", "porcentaje_avance": 1, "prioridad": "Media", "orden": 0, "fecha_creacion": "2026-03-02T19:53:03.110"}}, {"model": "tasks.tarea", "pk": 143, "fields": {"proyecto": 43, "tarea_padre": null, "etapa": null, "area": null, "secretaria": 7, "titulo": "Relevar y convocar a científicos y referentes para las entrevistas.", "descripcion": "Relevar y convocar a científicos y referentes para las entrevistas.", "responsable": 9, "fecha_inicio": "2026-03-02", "fecha_vencimiento": "2026-03-28", "estado": "En proceso", "porcentaje_avance": 1, "prioridad": "Media", "orden": 0, "fecha_creacion": "2026-03-02T19:53:27.337"}}, {"model": "tasks.tarea", "pk": 144, "fields": {"proyecto": 43, "tarea_padre": null, "etapa": null, "area": null, "secretaria": 7, "titulo": "Integrar a estudiantes del Colegio Martes en roles de asistencia técnica.", "descripcion": "Integrar a estudiantes del Colegio Martes en roles de asistencia técnica.", "responsable": 9, "fecha_inicio": "2026-03-02", "fecha_vencimiento": "2026-03-28", "estado": "En proceso", "porcentaje_avance": 1, "prioridad": "Media", "orden": 0, "fecha_creacion": "2026-03-02T19:53:51.640"}}, {"model": "tasks.tarea", "pk": 145, "fields": {"proyecto": 43, "tarea_padre": null, "etapa": null, "area": null, "secretaria": 7, "titulo": "Ejecutar el plan de difusión (clips/redes) tras cada lanzamiento.", "descripcion": "Ejecutar el plan de difusión (clips/redes) tras cada lanzamiento.", "responsable": 9, "fecha_inicio": "2026-03-02", "fecha_vencimiento": "2026-03-28", "estado": "En proceso", "porcentaje_avance": 1, "prioridad": "Media", "orden": 0, "fecha_creacion": "2026-03-02T19:54:16.605"}}, {"model": "tasks.tarea", "pk": 146, "fields": {"proyecto": 44, "tarea_padre": null, "etapa": null, "area": null, "secretaria": 7, "titulo": "Revisar los aportes enviados por las profes", "descripcion": "Revisar los aportes enviados por las profes", "responsable": 9, "fecha_inicio": "2026-03-02", "fecha_vencimiento": "2026-03-28", "estado": "En proceso", "porcentaje_avance": 1, "prioridad": "Media", "orden": 0, "fecha_creacion": "2026-03-02T19:55:46.703"}}, {"model": "tasks.tarea", "pk": 147, "fields": {"proyecto": 44, "tarea_padre": null, "etapa": null, "area": null, "secretaria": 7, "titulo": "Coordinar con IPAP el diseño con las modificaciones", "descripcion": "Coordinar con IPAP el diseño con las modificaciones", "responsable": 9, "fecha_inicio": "2026-03-02", "fecha_vencimiento": "2026-03-28", "estado": "En proceso", "porcentaje_avance": 1, "prioridad": "Media", "orden": 0, "fecha_creacion": "2026-03-02T19:56:15.248"}}, {"model": "tasks.tarea", "pk": 148, "fields": {"proyecto": 44, "tarea_padre": null, "etapa": null, "area": null, "secretaria": 7, "titulo": "Compra de Insumos para la impresión", "descripcion": "Compra de Insumos para la impresión", "responsable": 9, "fecha_inicio": "2026-03-02", "fecha_vencimiento": "2026-03-28", "estado": "En proceso", "porcentaje_avance": 1, "prioridad": "Media", "orden": 0, "fecha_creacion": "2026-03-02T19:56:45.627"}}, {"model": "tasks.tarea", "pk": 175, "fields": {"proyecto": 52, "tarea_padre": null, "etapa": null, "area": null, "secretaria": 7, "titulo": "Definir responsable de articulación", "descripcion": "Definir responsable de articulación", "responsable": 9, "fecha_inicio": "2026-03-06", "fecha_vencimiento": "2026-03-31", "estado": "En proceso", "porcentaje_avance": 1, "prioridad": "Media", "orden": 0, "fecha_creacion": "2026-03-06T13:36:39.840"}}, {"model": "tasks.tarea", "pk": 176, "fields": {"proyecto": 52, "tarea_padre": null, "etapa": null, "area": null, "secretaria": 7, "titulo": "Confeccionar listado de instituciones con sus respectivos contactos", "descripcion": "Confeccionar listado de instituciones con sus respectivos contactos", "responsable": 9, "fecha_inicio": "2026-03-06", "fecha_vencimiento": "2026-03-31", "estado": "En proceso", "porcentaje_avance": 1, "prioridad": "Media", "orden": 0, "fecha_creacion": "2026-03-06T16:38:39.021"}}, {"model": "tasks.tarea", "pk": 177, "fields": {"proyecto": 52, "tarea_padre": null, "etapa": null, "area": null, "secretaria": 7, "titulo": "Ver estado de cuenta con los transportes", "descripcion": "Ver estado de cuenta con los transportes", "responsable": 9, "fecha_inicio": "2026-03-06", "fecha_vencimiento": "2026-03-31", "estado": "En proceso", "porcentaje_avance": 1, "prioridad": "Media", "orden": 0, "fecha_creacion": "2026-03-06T13:39:29.545"}}, {"model": "tasks.tarea", "pk": 178, "fields": {"proyecto": 53, "tarea_padre": null, "etapa": null, "area": null, "secretaria": 7, "titulo": "Definir rol de la Agencia", "descripcion": "Definir rol de la Agencia", "responsable": 9, "fecha_inicio": "2026-03-06", "fecha_vencimiento": "2026-03-31", "estado": "En proceso", "porcentaje_avance": 1, "prioridad": "Media", "orden": 0, "fecha_creacion": "2026-03-06T13:44:46.910"}}, {"model": "tasks.tarea", "pk": 179, "fields": {"proyecto": 53, "tarea_padre": null, "etapa": null, "area": null, "secretaria": 7, "titulo": "Generar canales de comunicación con referentes institucionales secundarios", "descripcion": "Generar canales de comunicación con referentes institucionales secundarios", "responsable": 9, "fecha_inicio": "2026-03-06", "fecha_vencimiento": "2026-03-31", "estado": "En proceso", "porcentaje_avance": 1, "prioridad": "Media", "orden": 0, "fecha_creacion": "2026-03-06T13:46:59.704"}}, {"model": "tasks.tarea", "pk": 180, "fields": {"proyecto": 53, "tarea_padre": null, "etapa": null, "area": null, "secretaria": 7, "titulo": "Contribuir en la generación de Proyectos desde la Agencia", "descripcion": "Contribuir en la generación de Proyectos desde la Agencia", "responsable": 9, "fecha_inicio": "2026-03-06", "fecha_vencimiento": "2026-03-31", "estado": "En proceso", "porcentaje_avance": 1, "prioridad": "Media", "orden": 0, "fecha_creacion": "2026-03-06T13:49:17.452"}}, {"model": "tasks.tarea", "pk": 181, "fields": {"proyecto": 54, "tarea_padre": null, "etapa": null, "area": null, "secretaria": 7, "titulo": "Solicitar a Mariel Navarro estado de proyectos PFI 22/23", "descripcion": "Solicitar a Mariel Navarro estado de proyectos PFI 22/23", "responsable": 9, "fecha_inicio": "2026-03-06", "fecha_vencimiento": "2026-03-31", "estado": "En proceso", "porcentaje_avance": 1, "prioridad": "Media", "orden": 1, "fecha_creacion": "2026-03-06T22:52:01.950"}}, {"model": "tasks.tarea", "pk": 182, "fields": {"proyecto": 54, "tarea_padre": null, "etapa": null, "area": null, "secretaria": 7, "titulo": "Informarnos sobre procedimiento administrativo", "descripcion": "Informarnos sobre procedimiento administrativo", "responsable": 9, "fecha_inicio": "2026-03-06", "fecha_vencimiento": "2026-03-31", "estado": "En proceso", "porcentaje_avance": 1, "prioridad": "Media", "orden": 2, "fecha_creacion": "2026-03-06T19:54:01.722"}}, {"model": "tasks.tarea", "pk": 183, "fields": {"proyecto": 54, "tarea_padre": null, "etapa": null, "area": null, "secretaria": 7, "titulo": "Articular con Paola Rojas (admin)", "descripcion": "Articular con Paola Rojas (admin)", "responsable": 9, "fecha_inicio": "2026-03-06", "fecha_vencimiento": "2026-03-31", "estado": "En proceso", "porcentaje_avance": 1, "prioridad": "Media", "orden": 3, "fecha_creacion": "2026-03-07T02:08:15.824"}}, {"model": "tasks.historialtarea", "pk": 31, "fields": {"tarea": 29, "usuario": 4, "comentario": "", "porcentaje_avance": 1, "porcentaje_anterior": 1, "fecha": "2026-03-03T18:10:16.280"}}, {"model": "tasks.historialtarea", "pk": 32, "fields": {"tarea": 29, "usuario": 4, "comentario": "sadsadasfaf", "porcentaje_avance": 1, "porcentaje_anterior": 1, "fecha": "2026-03-03T18:10:35.307"}}, {"model": "tasks.historialtarea", "pk": 33, "fields": {"tarea": 29, "usuario": 4, "comentario": "sdadasdasdadasdas", "porcentaje_avance": 2, "porcentaje_anterior": 1, "fecha": "2026-03-03T18:10:46.089"}}, {"model": "tasks.historialtarea", "pk": 34, "fields": {"tarea": 28, "usuario": 9, "comentario": "demos1", "porcentaje_avance": 100, "porcentaje_anterior": 100, "fecha": "2026-03-03T18:40:48.603"}}, {"model": "tasks.historialtarea", "pk": 35, "fields": {"tarea": 29, "usuario": 9, "comentario": "hola opcional", "porcentaje_avance": 2, "porcentaje_anterior": 2, "fecha": "2026-03-03T18:41:08.438"}}, {"model": "tasks.historialtarea", "pk": 36, "fields": {"tarea": 29, "usuario": 9, "comentario": "cometario opcional", "porcentaje_avance": 2, "porcentaje_anterior": 2, "fecha": "2026-03-03T18:44:09.936"}}, {"model": "tasks.historialtarea", "pk": 37, "fields": {"tarea": 29, "usuario": 9, "comentario": "", "porcentaje_avance": 2, "porcentaje_anterior": 2, "fecha": "2026-03-03T19:14:15.540"}}, {"model": "tasks.historialtarea", "pk": 38, "fields": {"tarea": 30, "usuario": 9, "comentario": "", "porcentaje_avance": 1, "porcentaje_anterior": 1, "fecha": "2026-03-03T19:53:51.773"}}, {"model": "tasks.comentariotarea", "pk": 1, "fields": {"tarea": 28, "usuario": 4, "texto": "demo!!!", "fecha": "2026-03-03T18:37:14.080", "fecha_edicion": null, "editado_por": null}}, {"model": "tasks.comentariotarea", "pk": 4, "fields": {"tarea": 29, "usuario": 9, "texto": "holis", "fecha": "2026-03-03T19:19:12.782", "fecha_edicion": null, "editado_por": null}}, {"model": "tasks.adjuntotarea", "pk": 1, "fields": {"tarea": 29, "archivo": "adjuntos/tareas/2026/03/LOGO-COLOR-1536x403.png", "nombre_original": "LOGO-COLOR-1536x403.png", "subido_por": 2, "fecha": "2026-03-03T18:05:48.002"}}, {"model": "backup_restore.systemrestorelog", "pk": 1, "fields": {"user": 6, "backup_file": "backup_20260305_135003.json", "executed_at": "2026-03-06T13:01:42.422", "ip_address": "127.0.0.1/32                           "}}, {"model": "backup_restore.systemrestorelog", "pk": 2, "fields": {"user": 6, "backup_file": "backup_20260305_135003.json", "executed_at": "2026-03-06T13:04:00.590", "ip_address": "127.0.0.1/32                           "}}, {"model": "backup_restore.activesession", "pk": 2, "fields": {"user": 6, "last_activity": "2026-02-26T19:40:13.021", "session_key": "sess_1772125610984_anlenljbrw"}}, {"model": "backup_restore.activesession", "pk": 4, "fields": {"user": 2, "last_activity": "2026-02-26T18:06:02.718", "session_key": "sess_1772125960625_hh47lzyx5n"}}, {"model": "backup_restore.activesession", "pk": 5, "fields": {"user": 6, "last_activity": "2026-02-27T19:01:33.207", "session_key": "sess_1772195043775_dla59sz3qz"}}, {"model": "backup_restore.activesession", "pk": 11, "fields": {"user": 2, "last_activity": "2026-02-27T19:02:42.252", "session_key": "sess_1772215322624_8j91ee26up"}}, {"model": "backup_restore.activesession", "pk": 15, "fields": {"user": 4, "last_activity": "2026-02-27T19:02:49.413", "session_key": "sess_1772217253752_1o6m9st6zr"}}, {"model": "backup_restore.activesession", "pk": 16, "fields": {"user": 6, "last_activity": "2026-03-02T13:43:30.916", "session_key": "sess_1772457503127_8xprlvktam"}}, {"model": "backup_restore.activesession", "pk": 19, "fields": {"user": 6, "last_activity": "2026-03-04T14:58:52.133", "session_key": "sess_1772459016088_sb39d37tdw"}}, {"model": "backup_restore.activesession", "pk": 26, "fields": {"user": 6, "last_activity": "2026-03-04T14:56:31.435", "session_key": "sess_1772549823440_gg6zw8xvpc"}}, {"model": "backup_restore.activesession", "pk": 29, "fields": {"user": 9, "last_activity": "2026-03-04T13:17:15.233", "session_key": "sess_1772563082396_t7iey1h6ow"}}, {"model": "backup_restore.activesession", "pk": 30, "fields": {"user": 6, "last_activity": "2026-03-04T17:24:53.394", "session_key": "sess_1772638725413_2kancn7et0"}}, {"model": "backup_restore.activesession", "pk": 31, "fields": {"user": 6, "last_activity": "2026-03-05T19:35:46.178", "session_key": "sess_1772653896329_ce3khgrwy9"}}, {"model": "backup_restore.activesession", "pk": 34, "fields": {"user": 13, "last_activity": "2026-03-06T20:06:30.996", "session_key": "sess_1772803124855_evbv1wk3ui"}}, {"model": "backup_restore.activesession", "pk": 36, "fields": {"user": 9, "last_activity": "2026-03-06T20:06:31.002", "session_key": "sess_1772826488753_8ekgws76p"}}, {"model": "backup_restore.activesession", "pk": 41, "fields": {"user": 9, "last_activity": "2026-03-09T16:40:09.710", "session_key": "sess_1773073928663_wybull04fh"}}, {"model": "backup_restore.activesession", "pk": 42, "fields": {"user": 6, "last_activity": "2026-03-09T16:40:13.905", "session_key": "sess_1773073932787_tnueix0sbb"}}, {"model": "backup_restore.activesession", "pk": 43, "fields": {"user": 6, "last_activity": "2026-03-10T14:23:44.533", "session_key": "sess_1773152624039_xebi8qm8cc"}}, {"model": "backup_restore.activesession", "pk": 45, "fields": {"user": 6, "last_activity": "2026-03-10T15:01:04.827", "session_key": "sess_1773154862844_hwhl4wbcl5"}}, {"model": "backup_restore.activesession", "pk": 46, "fields": {"user": 6, "last_activity": "2026-03-11T14:13:37.192", "session_key": "sess_1773155079455_mkgsme1ppt"}}, {"model": "backup_restore.activesession", "pk": 47, "fields": {"user": 9, "last_activity": "2026-03-10T15:45:26.422", "session_key": "sess_1773156298746_fqdwh57e0x"}}, {"model": "backup_restore.activesession", "pk": 51, "fields": {"user": 6, "last_activity": "2026-03-11T15:21:46.923", "session_key": "sess_1773238546837_nf4e8h49n9"}}, {"model": "backup_restore.activesession", "pk": 52, "fields": {"user": 15, "last_activity": "2026-03-11T15:22:23.646", "session_key": "sess_1773239155918_iuth7ei7y2"}}]